School_ID,School_Name,Borough,Building_Code,Street_Address,City,State,Zip_Code,Latitude,Longitude,Phone_Number,Start_Time,End_Time,Student_Enrollment,Percent_White,Percent_Black,Percent_Hispanic,Percent_Asian,Average_Score_SAT_Math,Average_Score_SAT_Reading,Average_Score_SAT_Writing,Percent_Tested
02M260,Clinton School Writers and Artists,Manhattan,M933,425 West 33rd Street,Manhattan,NY,10001,40.75321,-73.99786,212-695-9114,,,,,,,,,,,
06M211,Inwood Early College for Health and Information Technologies,Manhattan,M052,650 Academy Street,Manhattan,NY,10002,40.86605,-73.92486,718-935-3660  ,8:30 AM,3:00 PM,87,0.03,0.22,0.68,0.05,,,,
01M539,"New Explorations into Science, Technology and Math High School",Manhattan,M022,111 Columbia Street,Manhattan,NY,10002,40.71873,-73.97943,212-677-5190,8:15 AM,4:00 PM,1735,0.29,0.13,0.18,0.39,657,601,601,0.91
02M294,Essex Street Academy,Manhattan,M445,350 Grand Street,Manhattan,NY,10002,40.71687,-73.98953,212-475-4773,8:00 AM,2:45 PM,358,0.12,0.39,0.41,0.06,395,411,387,0.79
02M308,Lower Manhattan Arts Academy,Manhattan,M445,350 Grand Street,Manhattan,NY,10002,40.71687,-73.98953,212-505-0143,8:30 AM,3:00 PM,383,0.03,0.28,0.57,0.09,418,428,415,0.65
02M545,High School for Dual Language and Asian Studies,Manhattan,M445,350 Grand Street,Manhattan,NY,10002,40.71687,-73.98953,212-475-4097,8:00 AM,3:35 PM,416,0.02,0.03,0.06,0.89,613,453,463,0.96
01M292,Henry Street School for International Studies,Manhattan,M056,220 Henry Street,Manhattan,NY,10002,40.71376,-73.98526,212-406-9411,8:30 AM,3:30 PM,255,0.04,0.24,0.57,0.13,410,406,381,0.60
01M696,Bard High School Early College,Manhattan,M097,525 East Houston Street,Manhattan,NY,10002,40.71896,-73.97607,212-995-8479,9:00 AM,3:50 PM,545,0.45,0.17,0.19,0.17,634,641,639,0.71
02M305,Urban Assembly Academy of Government and Law,Manhattan,M445,350 Grand Street,Manhattan,NY,10002,40.71687,-73.98953,212-505-0745,8:32 AM,3:45 PM,329,0.03,0.42,0.49,0.06,389,395,381,0.81
01M509,Marta Valle High School,Manhattan,M025,145 Stanton Street,Manhattan,NY,10002,40.72057,-73.98567,212-473-8152,8:00 AM,3:30 PM,363,0.03,0.40,0.51,0.06,438,413,394,0.36
01M448,University Neighborhood High School,Manhattan,M446,200 Monroe Street,Manhattan,NY,10002,40.71233,-73.9848,212-962-4341,8:15 AM,3:15 PM,304,0.03,0.25,0.41,0.30,437,355,352,0.70
02M543,New Design High School,Manhattan,M445,350 Grand Street,Manhattan,NY,10002,40.71687,-73.98953,212-475-4148,8:40 AM,2:56 PM,441,0.04,0.31,0.57,0.06,381,396,372,0.74
02M298,Pace High School,Manhattan,M131,100 Hester Street,Manhattan,NY,10002,40.71641,-73.99268,212-334-4663,9:00 AM,3:15 PM,423,0.02,0.28,0.45,0.14,430,435,427,0.88
02M420,High School for Health Professions and Human Services,Manhattan,M475,345 East 15th Street,Manhattan,NY,10003,40.73249,-73.98305,212-780-9175,9:00 AM,3:45 PM,1664,0.07,0.19,0.51,0.22,452,445,430,0.87
02M399,High School for Language and Diplomacy,Manhattan,M460,40 Irving Place,Manhattan,NY,10003,40.73552,-73.9876,212-253-2480,8:00 AM,3:30 PM,437,0.06,0.20,0.40,0.31,446,433,411,0.70
02M546,Academy for Software Engineering,Manhattan,M460,40 Irving Place,Manhattan,NY,10003,40.73552,-73.9876,212-253-3299,8:45 AM,3:36 PM,344,0.09,0.29,0.46,0.11,,,,
02M533,Union Square Academy for Health Sciences,Manhattan,M460,40 Irving Place,Manhattan,NY,10003,40.73552,-73.9876,212-253-3110,8:00 AM,3:49 PM,319,0.05,0.20,0.57,0.16,,,,
02M438,International High School at Union Square,Manhattan,M460,40 Irving Place,Manhattan,NY,10003,40.73552,-73.9876,212-533-2560,8:45 AM,3:05 PM,353,0.10,0.14,0.45,0.31,403,330,316,0.53
02M407,Institute for Collaborative Education,Manhattan,M475,345 East 15th Street,Manhattan,NY,10003,40.73249,-73.98305,212-475-7972,8:00 AM,3:00 PM,482,0.57,0.14,0.15,0.06,501,550,541,0.79
02M374,Gramercy Arts High School,Manhattan,M460,40 Irving Place,Manhattan,NY,10003,40.73552,-73.9876,212-253-7076,8:15 AM,3:30 PM,530,0.06,0.43,0.44,0.04,446,459,455,0.80
02M551,Urban Assembly New York Harbor School,Manhattan,M877,550 Wheeler Avenue,Manhattan,NY,10004,40.69079,-74.01976,212-458-0800,8:15 AM,4:00 PM,447,0.19,0.24,0.52,0.03,446,453,428,0.79
02M580,Richard R. Green High School of Teaching,Manhattan,M282,26 Broadway,Manhattan,NY,10004,40.70523,-74.01332,646-826-8174,8:30 AM,3:20 PM,566,0.03,0.31,0.59,0.06,411,415,409,0.60
02M418,Millennium High School,Manhattan,M824,75 Broad Street,Manhattan,NY,10004,40.70492,-74.01151,212-825-9008,8:30 AM,3:00 PM,659,0.33,0.08,0.18,0.38,577,560,567,0.94
02M316,Urban Assembly School of Business for Young Women,Manhattan,M282,26 Broadway,Manhattan,NY,10004,40.70523,-74.01332,212-668-0169,8:35 AM,3:30 PM,405,0.02,0.53,0.39,0.04,418,420,417,0.75
02M489,High School of Economics and Finance,Manhattan,M833,100 Trinity Place,Manhattan,NY,10006,40.70922,-74.01203,212-346-0708,8:30 AM,3:30 PM,796,0.07,0.23,0.47,0.22,469,442,447,0.67
02M425,Leadership and Public Service High School,Manhattan,M894,90 Trinity Place,Manhattan,NY,10006,40.70915,-74.01208,212-346-0007,8:30 AM,2:45 PM,699,0.04,0.28,0.62,0.04,390,396,392,0.55
01M450,East Side Community School,Manhattan,M060,420 East 12th Street,Manhattan,NY,10009,40.72978,-73.98304,212-460-8467,8:30 AM,3:30 PM,666,0.08,0.22,0.58,0.09,454,428,445,0.85
02M411,Baruch College Campus High School,Manhattan,M874,55 East 25th Street,Manhattan,NY,10010,40.74405,-73.99148,212-683-7440,8:20 AM,2:50 PM,451,0.23,0.06,0.15,0.55,592,526,531,0.94
02M047,47 American Sign Language and English Secondary School,Manhattan,M047,223 East 23rd Street,Manhattan,NY,10010,40.7386,-73.98251,917-326-6668,8:45 AM,3:45 PM,169,0.05,0.28,0.65,0.01,,,,0.48
02M413,School of the Future High School,Manhattan,M660,127 East 22nd Street,Manhattan,NY,10010,40.73895,-73.98541,212-475-8086,8:35 AM,3:10 PM,713,0.36,0.12,0.30,0.14,534,533,522,0.90
02M439,Manhattan Village Academy,Manhattan,M873,43 West 22nd Street,Manhattan,NY,10010,40.74149,-73.99145,212-242-8752,8:00 AM,3:20 PM,415,0.07,0.10,0.67,0.07,522,479,510,0.99
02M422,Quest to Learn,Manhattan,M440,351 West 18th Street,Manhattan,NY,10011,40.74289,-74.00213,212-488-3645,9:00 AM,3:50 PM,564,0.24,0.22,0.42,0.09,,,,
02M412,NYC Lab School for Collaborative Studies,Manhattan,M070,333 West 17th Street,Manhattan,NY,10011,40.7421,-74.00207,212-691-6119,8:00 AM,2:50 PM,587,0.46,0.06,0.16,0.28,595,550,555,0.80
02M534,Harvest Collegiate High School,Manhattan,M883,34 West 14th Street,Manhattan,NY,10011,40.73676,-73.99551,212-242-3384,8:20 AM,3:17 PM,333,0.17,0.22,0.52,0.07,,,,
02M437,Hudson High School of Learning Technologies,Manhattan,M440,351 West 18th Street,Manhattan,NY,10011,40.74289,-74.00213,212-488-3330,8:45 AM,3:30 PM,483,0.03,0.29,0.59,0.06,378,407,388,0.72
02M392,Manhattan Business Academy,Manhattan,M440,351 West 18th Street,Manhattan,NY,10011,40.74289,-74.00213,212-647-1983,8:30 AM,3:15 PM,438,0.04,0.28,0.62,0.03,410,407,399,0.70
02M605,Humanities Preparatory Academy,Manhattan,M440,351 West 18th Street,Manhattan,NY,10011,40.74289,-74.00213,212-929-4433,9:00 AM,3:15 PM,,,,,,,,,
02M419,Landmark High School,Manhattan,M440,351 West 18th Street,Manhattan,NY,10011,40.74289,-74.00213,212-647-7410,8:45 AM,3:20 PM,355,0.02,0.24,0.69,0.04,386,386,386,0.31
02M600,High School of Fashion Industries,Manhattan,M600,225 West 24th Street,Manhattan,NY,10011,40.74511,-73.99591,212-255-1235,8:00 AM,3:45 PM,1770,0.04,0.36,0.54,0.05,433,442,427,0.81
02M414,NYC Museum School,Manhattan,M070,333 West 17th Street,Manhattan,NY,10011,40.7421,-74.00207,212-675-6206,8:15 AM,2:45 PM,471,0.12,0.13,0.40,0.34,560,530,522,0.90
02M615,Chelsea Career and Technical Education High School,Manhattan,M615,131 Avenue of the Americas,Manhattan,NY,10013,40.72435,-74.00476,212-925-1080,8:30 AM,4:00 PM,439,0.03,0.29,0.57,0.08,439,418,400,0.80
02M376,NYC iSchool,Manhattan,M615,131 Avenue of the Americas,Manhattan,NY,10013,40.72435,-74.00476,917-237-7300,9:00 AM,4:00 PM,442,0.29,0.20,0.40,0.09,518,515,503,0.96
02M432,Murray Hill Academy,Manhattan,M620,111 East 33rd Street,Manhattan,NY,10016,40.74611,-73.98101,212-696-0195,8:00 AM,2:58 PM,,,,,,,,,
02M427,Manhattan Academy for Arts and Language,Manhattan,M620,111 East 33rd Street,Manhattan,NY,10016,40.74611,-73.98101,212-576-0502,9:00 AM,3:40 PM,334,0.02,0.05,0.91,0.02,350,334,321,0.46
02M500,Unity Center for Urban Technologies,Manhattan,M620,111 East 33rd Street,Manhattan,NY,10016,40.74611,-73.98101,212-576-0530,8:15 AM,4:00 PM,284,0.05,0.28,0.59,0.06,375,385,387,0.63
02M393,Business of Sports School,Manhattan,M625,439 West 49th Street,Manhattan,NY,10019,40.76336,-73.99051,212-246-2183,8:50 AM,3:30 PM,449,0.02,0.35,0.60,0.02,395,386,371,0.68
02M303,Facing History School,Manhattan,M535,525 West 50th Street,Manhattan,NY,10019,40.76503,-73.99252,212-757-2680,8:35 AM,3:00 PM,406,0.02,0.27,0.68,0.02,366,356,371,0.57
02M296,High School of Hospitality Management,Manhattan,M535,525 West 50th Street,Manhattan,NY,10019,40.76503,-73.99252,212-586-1819,9:00 AM,3:45 PM,424,0.02,0.21,0.71,0.05,451,433,424,0.56
02M300,Urban Assembly School of Design and Construction,Manhattan,M535,525 West 50th Street,Manhattan,NY,10019,40.76503,-73.99252,212-586-0981,8:00 AM,3:15 PM,414,0.03,0.30,0.59,0.06,445,417,403,0.61
02M135,Urban Assembly School for Emergency Management,Manhattan,M625,439 West 49th Street,Manhattan,NY,10019,40.76336,-73.99051,212-245-4670,8:41 AM,3:31 PM,193,0.03,0.29,0.62,0.06,,,,
02M400,High School for Environmental Studies,Manhattan,M834,444 West 56th Street,Manhattan,NY,10019,40.76776,-73.98751,212-262-8113,8:15 AM,3:00 PM,1301,0.07,0.15,0.63,0.15,469,454,444,0.74
02M630,Art and Design High School,Manhattan,M488,231-249 East 56th Street,Manhattan,NY,10019,40.7654,-73.98177,212-752-4340,8:30 AM,4:00 PM,1476,0.11,0.24,0.55,0.09,455,475,458,0.70
02M542,Manhattan Bridges High School,Manhattan,M535,525 West 50th Street,Manhattan,NY,10019,40.76503,-73.99252,212-757-5274,8:00 AM,3:45 PM,529,0.00,0.00,1.00,0.00,409,360,347,0.84
02M507,Urban Assembly Gateway School for Technology,Manhattan,M625,439 West 49th Street,Manhattan,NY,10019,40.76336,-73.99051,212-246-1041,8:00 AM,3:30 PM,472,0.06,0.30,0.54,0.08,445,432,415,0.78
02M288,Food and Finance High School,Manhattan,M535,525 West 50th Street,Manhattan,NY,10019,40.76503,-73.99252,212-586-2943,7:40 AM,2:30 PM,427,0.03,0.40,0.52,0.05,428,435,421,0.52
02M416,Eleanor Roosevelt High School,Manhattan,M855,411 East 76th Street,Manhattan,NY,10021,40.77012,-73.95338,212-772-1220,8:30 AM,3:30 PM,541,0.61,0.04,0.11,0.20,641,617,631,0.86
03M299,"High School for Arts, Imagination, and Inquiry",Manhattan,M490,122 Amsterdam Avenue,Manhattan,NY,10023,40.7743,-73.98482,212-799-4064,8:45 AM,3:26 PM,447,0.01,0.39,0.59,0.00,375,389,380,0.59
03M307,Urban Assembly School for Media Studies,Manhattan,M490,122 Amsterdam Avenue,Manhattan,NY,10023,40.7743,-73.98482,212-501-1110,9:00 AM,3:15 PM,412,0.02,0.36,0.58,0.02,392,419,396,0.50
03M479,Beacon High School,Manhattan,M837,227-243 West 61st Street,Manhattan,NY,10023,40.77216,-73.9878,212-245-2807,8:00 AM,3:00 PM,1285,0.52,0.14,0.24,0.09,583,586,595,0.83
03M485,Fiorello H. LaGuardia High School of Music and Art and Performing Arts,Manhattan,M485,100 Amsterdam Avenue,Manhattan,NY,10023,40.77367,-73.98527,212-496-0700,8:00 AM,4:00 PM,2635,0.45,0.11,0.19,0.19,592,592,597,0.89
03M494,High School of Arts and Technology,Manhattan,M490,122 Amsterdam Avenue,Manhattan,NY,10023,40.7743,-73.98482,212-501-1198,8:00 AM,2:45 PM,594,0.03,0.33,0.59,0.04,421,428,406,0.44
03M541,Manhattan / Hunter Science High School,Manhattan,M490,122 Amsterdam Avenue,Manhattan,NY,10023,40.7743,-73.98482,212-501-1235,8:00 AM,2:30 PM,451,0.13,0.16,0.38,0.26,581,531,535,0.97
03M859,Special Music School,Manhattan,M490,122 Amsterdam Avenue,Manhattan,NY,10023,40.7743,-73.98482,212-501-3318,8:00 AM,2:30 PM,231,0.29,0.22,0.15,0.19,,,,
03M492,"High School for Law, Advocacy, and Community Justice",Manhattan,M490,122 Amsterdam Avenue,Manhattan,NY,10023,40.7743,-73.98482,212-501-1201,8:00 AM,2:45 PM,510,0.02,0.42,0.53,0.02,415,417,402,0.61
03M402,Urban Assembly School for Green Careers,Manhattan,M470,145 West 84th Street,Manhattan,NY,10024,40.78574,-73.97442,212-787-1189,8:30 AM,3:30 PM,353,0.03,0.23,0.72,0.01,393,371,378,0.60
03M417,Frank McCourt High School,Manhattan,M470,145 West 84th Street,Manhattan,NY,10024,40.78574,-73.97442,212-362-2015,8:40 AM,3:00 PM,387,0.32,0.16,0.40,0.09,489,491,500,0.89
03M403,Global Learning Collaborative,Manhattan,M470,145 West 84th Street,Manhattan,NY,10024,40.78574,-73.97442,212-877-1103,8:30 AM,3:30 PM,496,0.05,0.25,0.66,0.02,406,407,413,0.59
03M415,Wadleigh Secondary School for the Performing and Visual Arts,Manhattan,M088,215 West 114th Street,Manhattan,NY,10026,40.80217,-73.95401,212-749-5800,8:00 AM,3:45 PM,445,0.01,0.52,0.44,0.02,381,401,392,0.53
03M860,Frederick Douglass Academy II Secondary School,Manhattan,M088,215 West 114th Street,Manhattan,NY,10026,40.80217,-73.95401,212-865-9260,8:00 AM,3:00 PM,411,0.02,0.68,0.26,0.02,390,384,373,0.64
05M362,Columbia Secondary School,Manhattan,M125,425 West 123rd Street,Manhattan,NY,10027,40.81092,-73.95693,212-666-1278,8:00 AM,4:00 PM,659,0.15,0.22,0.48,0.14,583,561,546,0.88
05M367,Academy for Social Action (College Board),Manhattan,M043,509 West 129th Street,Manhattan,NY,10027,40.81523,-73.9552,212-234-3102,8:35 AM,3:45 PM,234,0.03,0.47,0.49,0.01,357,349,365,0.54
05M369,Urban Assembly School for the Performing Arts,Manhattan,M043,509 West 129th Street,Manhattan,NY,10027,40.81523,-73.9552,212-234-4631,8:15 AM,3:15 PM,358,0.01,0.52,0.43,0.01,379,399,388,0.77
04M680,Heritage School,Manhattan,M107,1680 Lexington Avenue,Manhattan,NY,10029,40.79188,-73.94659,212-828-2858,8:30 AM,3:39 PM,322,0.02,0.32,0.64,0.01,385,380,370,0.57
04M555,Central Park East High School,Manhattan,M013,1573 Madison Avenue,Manhattan,NY,10029,40.79368,-73.94942,212-860-5929,8:30 AM,3:20 PM,466,0.04,0.25,0.63,0.07,483,468,439,0.98
04M495,Park East High School,Manhattan,M495,230 East 105th Street,Manhattan,NY,10029,40.79056,-73.94445,212-831-1517,8:45 AM,3:15 PM,413,0.02,0.28,0.64,0.05,429,433,435,0.90
04M610,Young Women's Leadership School,Manhattan,M895,105 East 106th Street,Manhattan,NY,10029,40.79271,-73.9473,212-289-7593,8:45 AM,3:15 PM,480,0.03,0.28,0.57,0.09,478,465,472,1.00
04M435,Manhattan Center for Science and Mathematics,Manhattan,M435,260 Pleasant Avenue,Manhattan,NY,10029,40.79374,-73.93408,212-876-4639,8:15 AM,2:40 PM,1603,0.04,0.21,0.54,0.19,556,505,495,0.88
04M372,Esperanza Preparatory Academy,Manhattan,M117,240 East 109th Street,Manhattan,NY,10029,40.79307,-73.94236,212-722-6507,8:00 AM,3:00 PM,507,0.02,0.13,0.83,0.01,,,,
05M304,Mott Hall High School,Manhattan,M136,6 Edgecombe Avenue,Manhattan,NY,10030,40.81736,-73.94771,212-694-6020,8:00 AM,3:30 PM,428,0.01,0.38,0.59,0.01,416,445,440,0.37
05M670,Thurgood Marshall Academy for Learning and Social Change,Manhattan,M970,200-214 West 135th Street,Manhattan,NY,10030,40.81536,-73.9439,212-283-8055,8:30 AM,3:00 PM,561,0.01,0.78,0.20,0.01,402,394,400,0.85
05M692,"High School for Mathematics, Science, and Engineering at City College",Manhattan,M812,240 Convent Avenue,Manhattan,NY,10031,40.82112,-73.94885,212-281-6490,8:00 AM,3:35 PM,470,0.27,0.10,0.22,0.39,683,610,596,0.93
06M540,A. Philip Randolph Campus High School,Manhattan,M540,443 West 135th Street,Manhattan,NY,10031,40.81832,-73.95061,212-926-0113,8:00 AM,2:20 PM,1354,0.02,0.32,0.60,0.05,459,453,447,0.74
06M552,Gregorio Luperon High School for Science and Mathematics,Manhattan,M876,501 West 165th Street,Manhattan,NY,10032,40.83803,-73.93837,212-928-1202,8:00 AM,3:30 PM,504,0.00,0.00,1.00,0.00,383,355,352,0.71
06M346,Community Health Academy of the Heights,Manhattan,M814,504 West 158th Street,Manhattan,NY,10032,40.83356,-73.9418,212-342-6600,8:15 AM,3:00 PM,629,0.03,0.05,0.92,0.00,387,389,385,0.55
06M348,Washington Heights Expeditionary Learning School,Manhattan,M143,511 West 182nd Street,Manhattan,NY,10033,40.84888,-73.93081,212-781-0524,8:00 AM,3:00 PM,705,0.01,0.04,0.95,0.00,443,423,434,0.87
06M423,High School for Excellence and Innovation,Manhattan,M052,650 Academy Street,Manhattan,NY,10034,40.86605,-73.92486,212-569-1022,8:45 AM,3:30 PM,,,,,,,,,
05M157,Urban Assembly School for Global Commerce,Manhattan,M501,2005 Madison Avenue,Manhattan,NY,10035,40.80734,-73.93943,212-831-5201,8:10 AM,3:15 PM,164,0.01,0.44,0.49,0.02,,,,
04M409,Coalition School for Social Change,Manhattan,M045,2351 1st Avenue,Manhattan,NY,10035,40.79887,-73.93337,212-831-5153,8:45 AM,3:30 PM,283,0.04,0.41,0.50,0.04,344,368,367,0.41
02M531,Repertory Company High School for Theatre Arts,Manhattan,M896,123 West 43rd Street,Manhattan,NY,10036,40.75594,-73.98457,212-382-1875,8:15 AM,3:30 PM,246,0.09,0.37,0.50,0.02,425,451,458,0.90
02M408,Professional Performing Arts High School,Manhattan,M017,328 West 48th Street,Manhattan,NY,10036,40.76143,-73.98802,212-247-8652,8:15 AM,3:30 PM,536,0.43,0.26,0.22,0.03,496,520,516,0.72
02M529,Jacqueline Kennedy Onassis High School,Manhattan,M486,120 West 46th Street,Manhattan,NY,10036,40.75776,-73.98319,212-391-0041,8:00 AM,3:00 PM,676,0.04,0.21,0.70,0.04,418,422,415,0.54
02M280,Manhattan Early College School for Advertising,Manhattan,M520,411 Pearl Street,Manhattan,NY,10038,40.71068,-74.00081,718-935-3477  ,8:30 AM,3:45 PM,97,0.16,0.32,0.43,0.07,,,,
02M520,Murry Bergtraum High School for Business Careers,Manhattan,M520,411 Pearl Street,Manhattan,NY,10038,40.71068,-74.00081,212-964-9610,8:00 AM,3:00 PM,971,0.03,0.46,0.41,0.09,418,415,398,0.44
02M282,Urban Assembly Maker Academy,Manhattan,M520,411 Pearl Street,Manhattan,NY,10038,40.70934,-74.0053,718-935-3442,9:00 AM,3:45 PM,103,0.10,0.24,0.46,0.11,,,,
02M139,Stephen T. Mather Building Arts and Craftsmanship High School,Manhattan,M520,411 Pearl Street,Manhattan,NY,10038,40.71068,-74.00081,212-225-0998,9:10 AM,3:30 PM,193,0.09,0.25,0.61,0.04,,,,
05M499,Frederick Douglass Academy,Manhattan,M010,2581 7th Avenue,Manhattan,NY,10039,40.82431,-73.93698,212-491-4107,8:00 AM,3:00 PM,1428,0.01,0.70,0.23,0.02,463,452,450,0.65
06M463,High School for Media and Communications,Manhattan,M465,549 Audubon Avenue,Manhattan,NY,10040,40.85594,-73.92703,212-927-1841,8:00 AM,3:45 PM,479,0.01,0.14,0.83,0.02,378,381,383,0.33
06M462,College Academy,Manhattan,M465,549 Audubon Avenue,Manhattan,NY,10040,40.85594,-73.92703,212-927-1841,8:00 AM,3:45 PM,491,0.01,0.09,0.89,0.00,367,377,363,0.42
06M467,High School for Law and Public Service,Manhattan,M465,549 Audubon Avenue,Manhattan,NY,10040,40.85594,-73.92703,212-342-6130,8:00 AM,3:45 PM,671,0.02,0.17,0.81,0.00,401,394,381,0.44
06M293,City College Academy of the Arts,Manhattan,M218,4600 Broadway,Manhattan,NY,10040,40.86111,-73.93045,212-567-3164,8:15 AM,4:00 PM,587,0.01,0.04,0.94,0.01,495,445,450,0.95
06M468,High School for Health Careers and Sciences,Manhattan,M465,549 Audubon Avenue,Manhattan,NY,10040,40.85594,-73.92703,212-927-1841,8:00 AM,3:45 PM,605,0.02,0.16,0.80,0.01,374,385,389,0.56
02M459,Manhattan International High School,Manhattan,M480,317 East 67th Street,Manhattan,NY,10065,40.76545,-73.96021,212-517-6728,8:45 AM,3:05 PM,343,0.12,0.17,0.41,0.29,438,358,382,0.59
02M519,Talent Unlimited High School,Manhattan,M480,317 East 67th Street,Manhattan,NY,10065,40.76545,-73.96021,212-737-1530,8:10 AM,3:20 PM,506,0.20,0.33,0.40,0.05,485,498,496,0.89
02M449,Vanguard High School,Manhattan,M480,317 East 67th Street,Manhattan,NY,10065,40.76545,-73.96021,212-517-5175,8:00 AM,3:00 PM,486,0.05,0.27,0.57,0.08,431,409,396,0.64
02M655,Life Sciences Secondary School,Manhattan,M645,320 East 96th Street,Manhattan,NY,10128,40.78364,-73.94574,212-348-1694,8:00 AM,3:00 PM,697,0.03,0.28,0.62,0.04,435,440,425,0.63
02M475,Stuyvesant High School,Manhattan,M477,345 Chambers Street,Manhattan,NY,10282,40.71775,-74.01405,212-312-4800,8:00 AM,3:30 PM,3296,0.20,0.01,0.03,0.73,754,697,693,0.97
31R600,Ralph R. McKee Career and Technical Education High School,Staten Island,R600,290 St Marks Place,Staten Island,NY,10301,40.64274,-74.07871,718-420-2600,8:00 AM,3:00 PM,624,0.20,0.31,0.43,0.05,420,429,409,0.38
31R080,Michael J. Petrides School,Staten Island,R880,715 Ocean Terrace,Staten Island,NY,10301,40.60745,-74.10148,718-815-0186,8:00 AM,2:20 PM,1327,0.50,0.22,0.20,0.07,483,473,470,0.79
31R450,Curtis High School,Staten Island,R450,105 Hamilton Avenue,Staten Island,NY,10301,40.64474,-74.08134,718-390-1800,9:00 AM,3:30 PM,2499,0.18,0.38,0.36,0.07,453,458,444,0.64
31R445,Port Richmond High School,Staten Island,R445,85 St Josephs Avenue,Staten Island,NY,10302,40.63384,-74.14211,718-420-2100,8:00 AM,2:45 PM,1628,0.22,0.28,0.43,0.07,432,427,425,0.45
31R605,Staten Island Technical High School,Staten Island,R440,485 Clawson Street,Staten Island,NY,10306,40.56791,-74.11536,718-667-3222,7:45 AM,2:30 PM,1247,0.52,0.01,0.05,0.41,711,660,670,1.00
31R440,New Dorp High School,Staten Island,R435,465 New Dorp Lane,Staten Island,NY,10306,40.56918,-74.1073,718-667-8686,8:05 AM,3:10 PM,2791,0.52,0.12,0.28,0.08,454,446,444,0.64
31R455,Tottenville High School,Staten Island,R455,100 Luten Avenue,Staten Island,NY,10312,40.52823,-74.19215,718-668-8800,8:00 AM,2:45 PM,3982,0.80,0.02,0.12,0.05,494,476,476,0.79
31R460,Susan E. Wagner High School,Staten Island,R460,1200 Manor Road,Staten Island,NY,10314,40.59865,-74.1231,718-698-4200,8:16 AM,3:00 PM,3363,0.48,0.11,0.27,0.13,496,490,487,0.66
31R064,Gaynor McCown Expeditionary Learning School,Staten Island,R043,100 Essex Drive,Staten Island,NY,10314,40.58202,-74.15785,718-370-6950,8:00 AM,2:20 PM,479,0.62,0.14,0.19,0.03,442,458,454,0.56
31R047,CSI High School for International Studies,Staten Island,R043,100 Essex Drive,Staten Island,NY,10314,40.58202,-74.15785,718-370-6900,7:30 AM,3:50 PM,520,0.56,0.09,0.20,0.11,477,468,464,0.84
07X522,Bronx Design and Construction Academy,Bronx,X600,333 East 151st Street,Bronx,NY,10451,40.81825,-73.91974,718-402-7690,8:00 AM,3:30 PM,563,0.03,0.24,0.71,0.01,,,,0.01
07X547,New Explorers High School,Bronx,X790,730 Concourse Village West,Bronx,NY,10451,40.82278,-73.92352,718-292-4150,8:30 AM,3:30 PM,475,0.00,0.31,0.68,0.00,390,398,376,0.30
09X505,"Bronx School for Law, Government, and Justice",Bronx,X460,244 East 163rd Street,Bronx,NY,10451,40.82759,-73.91867,718-410-3430,8:15 AM,3:00 PM,778,0.01,0.23,0.72,0.02,403,409,415,0.64
07X548,Urban Assembly School for Careers in Sports,Bronx,X790,730 Concourse Village West,Bronx,NY,10451,40.82278,-73.92352,718-292-7110,8:25 AM,3:18 PM,587,0.01,0.29,0.70,0.00,402,405,395,0.56
07X527,Bronx Leadership Academy II High School,Bronx,X790,730 Concourse Village West,Bronx,NY,10451,40.82278,-73.92352,718-292-7171,8:30 AM,3:15 PM,495,0.01,0.32,0.63,0.02,384,355,361,0.61
07X551,Urban Assembly Bronx Academy of Letters,Bronx,X183,339 Morris Avenue,Bronx,NY,10451,40.81336,-73.92554,718-401-4891,8:00 AM,3:50 PM,591,0.02,0.30,0.67,0.01,398,400,405,0.58
07X670,Health Opportunities High School,Bronx,X884,350 Gerard Avenue,Bronx,NY,10451,40.81608,-73.93032,718-401-1826,8:15 AM,3:35 PM,554,0.02,0.36,0.58,0.03,374,386,382,0.58
07X427,Community School for Social Justice,Bronx,X884,350 Gerard Avenue,Bronx,NY,10451,40.81608,-73.93032,718-402-8481,8:30 AM,3:00 PM,324,0.01,0.30,0.67,0.02,380,382,362,0.38
07X600,Alfred E. Smith Career and Technical Education High School,Bronx,X600,333 East 151st Street,Bronx,NY,10451,40.81825,-73.91974,718-993-5000,8:50 AM,3:00 PM,375,0.01,0.29,0.68,0.01,390,373,371,0.30
09X327,Comprehensive Model School Project,Bronx,X240,1501 Jerome Avenue,Bronx,NY,10452,40.84241,-73.91616,718-294-8111,8:00 AM,4:00 PM,628,0.01,0.23,0.76,0.00,,,,
09X365,Academy for Language and Technology,Bronx,X082,1700 Macombs Road,Bronx,NY,10453,40.8491,-73.91609,718-731-0219,8:00 AM,4:00 PM,322,0.00,0.00,1.00,0.00,371,334,348,0.79
07X223,Laboratory School of Finance and Technology,Bronx,X149,360 East 145th Street,Bronx,NY,10454,40.81401,-73.92084,718-585-8202,7:50 AM,3:00 PM,502,0.01,0.21,0.79,0.00,,,,
07X221,South Bronx Preparatory (College Board),Bronx,X149,360 East 145th Street,Bronx,NY,10454,40.81401,-73.92084,718-292-2211,8:00 AM,3:00 PM,654,0.01,0.25,0.70,0.02,419,414,394,0.77
07X334,International Community High School,Bronx,X139,345 Brook Avenue,Bronx,NY,10454,40.81004,-73.91781,718-665-4128,9:00 AM,4:00 PM,463,0.01,0.14,0.77,0.07,345,338,312,0.58
07X520,Foreign Language Academy of Global Studies,Bronx,X155,470 Jackson Avenue,Bronx,NY,10455,40.81114,-73.90979,718-585-4024,7:30 AM,3:00 PM,145,0.01,0.27,0.68,0.03,,,,0.33
07X500,Hostos-Lincoln Academy of Science,Bronx,X162,600 St Anns Avenue,Bronx,NY,10455,40.81496,-73.91252,718-402-5640,8:00 AM,2:30 PM,544,0.02,0.23,0.70,0.04,463,451,435,0.80
07X259,"HERO High (Health, Education, and Research Occupations High School)",Bronx,X655,455 Southern Boulevard,Bronx,NY,10455,40.81041,-73.9068,718-585-8013,8:30 AM,3:30 PM,231,0.02,0.36,0.59,0.02,,,,
07X495,University Heights Secondary School,Bronx,X470,701 St Anns Avenue,Bronx,NY,10455,40.81817,-73.91109,718-292-0578,8:45 AM,3:00 PM,486,0.02,0.30,0.65,0.03,420,446,424,0.88
07X473,Mott Haven Village Preparatory High School,Bronx,X470,701 St Anns Avenue,Bronx,NY,10455,40.81817,-73.91109,718-402-0571,8:30 AM,3:00 PM,364,0.01,0.25,0.74,0.00,377,373,369,0.45
09X543,High School for Violin and Dance,Bronx,X400,1110 Boston Road,Bronx,NY,10456,40.8276,-73.90448,718-842-0687,8:00 AM,3:00 PM,384,0.00,0.34,0.65,0.01,363,401,396,0.31
09X403,Bronx International High School,Bronx,X400,1110 Boston Road,Bronx,NY,10456,40.8276,-73.90448,718-620-1053,9:00 AM,3:45 PM,409,0.02,0.20,0.74,0.03,355,330,320,0.59
08X559,School for Tourism and Hospitality,Bronx,X650,900 Tinton Avenue,Bronx,NY,10456,40.82189,-73.90344,718-401-4214,8:30 AM,2:45 PM,240,0.00,0.35,0.60,0.01,,,,
12X479,Bronx Career and College Preparatory High School,Bronx,X158,800 Home Street,Bronx,NY,10456,40.82776,-73.90039,718-542-4011,8:00 AM,2:15 PM,333,0.01,0.41,0.57,0.01,370,379,381,0.41
09X260,Bronx Center for Science and Mathematics,Bronx,X002,1363 Fulton Avenue,Bronx,NY,10456,40.83374,-73.90245,718-992-7089,7:30 AM,3:25 PM,457,0.02,0.25,0.66,0.06,513,468,485,0.74
09X324,Bronx Early College Academy for Teaching and Learning,Bronx,X166,250 East 164th Street,Bronx,NY,10456,40.82871,-73.91776,718-681-8287,8:30 AM,3:15 PM,503,0.00,0.29,0.67,0.04,424,413,409,0.93
09X250,Eximius College Preparatory Academy (College Board),Bronx,X002,1363 Fulton Avenue,Bronx,NY,10456,40.83374,-73.90245,718-992-7154,8:00 AM,3:22 PM,449,0.01,0.45,0.52,0.01,400,391,397,0.78
12X267,Bronx Latin,Bronx,X158,800 Home Street,Bronx,NY,10456,40.82776,-73.90039,718-991-6349,8:30 AM,3:15 PM,546,0.00,0.21,0.77,0.02,394,381,363,0.81
09X404,School for Excellence,Bronx,X400,1110 Boston Road,Bronx,NY,10456,40.8276,-73.90448,718-860-1385,8:15 AM,2:45 PM,421,0.01,0.27,0.71,0.01,377,385,383,0.38
09X297,Morris Academy for Collaborative Studies,Bronx,X400,1110 Boston Road,Bronx,NY,10456,40.8276,-73.90448,718-542-3700,8:15 AM,3:30 PM,471,0.00,0.26,0.72,0.01,407,389,386,0.45
09X517,Frederick Douglass Academy III Secondary School,Bronx,X148,3630 Third Avenue,Bronx,NY,10456,40.83417,-73.90403,718-538-9726,8:30 AM,4:00 PM,427,0.02,0.50,0.45,0.01,387,386,386,0.51
09X564,Claremont International High School,Bronx,X410,240 East 172nd Street,Bronx,NY,10457,40.84037,-73.91084,718-410-4001,8:40 AM,3:17 PM,257,0.01,0.21,0.73,0.05,,,,
09X241,Urban Assembly School for Applied Math and Science,Bronx,X970,1595 Bathgate Avenue,Bronx,NY,10457,40.83933,-73.90131,718-466-7800,8:30 AM,3:30 PM,619,0.01,0.33,0.64,0.01,445,418,422,0.88
09X227,Bronx Collegiate Academy,Bronx,X410,240 East 172nd Street,Bronx,NY,10457,40.84037,-73.91084,718-410-4077,8:30 AM,3:30 PM,382,0.00,0.29,0.69,0.01,395,401,382,0.46
09X252,Mott Hall Bronx High School,Bronx,X970,1595 Bathgate Avenue,Bronx,NY,10457,40.83933,-73.90131,718-466-6800,8:30 AM,3:15 PM,402,0.01,0.20,0.76,0.01,417,399,398,0.46
09X276,Leadership Institute,Bronx,X004,1701 Fulton Avenue,Bronx,NY,10457,40.84127,-73.89798,718-299-7490,8:30 AM,3:15 PM,207,0.02,0.34,0.63,0.00,,,,0.24
09X350,New Directions Secondary School,Bronx,X410,240 East 172nd Street,Bronx,NY,10457,40.84037,-73.91084,718-410-4242,,,,,,,,,,,
09X525,Bronx Leadership Academy High School,Bronx,X876,1710 Webster Avenue,Bronx,NY,10457,40.84358,-73.90322,718-299-4274,8:00 AM,3:44 PM,686,0.01,0.36,0.62,0.00,375,372,374,0.49
09X263,Validus Preparatory Academy: An Expeditionary Learning School,Bronx,X970,1595 Bathgate Avenue,Bronx,NY,10457,40.83933,-73.90131,718-466-4000,8:15 AM,3:15 PM,375,0.01,0.27,0.71,0.02,382,375,384,0.59
09X413,Bronx High School for Medical Science,Bronx,X410,240 East 172nd Street,Bronx,NY,10457,40.84037,-73.91084,718-410-4040,7:45 AM,3:15 PM,472,0.01,0.37,0.53,0.07,431,421,426,0.84
09X231,Eagle Academy for Young Men,Bronx,X465,4143 Third Avenue,Bronx,NY,10457,40.84519,-73.89698,718-466-8000,8:30 AM,4:00 PM,608,0.01,0.61,0.36,0.00,398,410,397,0.66
09X412,Bronx High School of Business,Bronx,X410,240 East 172nd Street,Bronx,NY,10457,40.84037,-73.91084,718-410-4060,7:45 AM,3:15 PM,339,0.01,0.33,0.63,0.02,365,360,346,0.33
09X329,DreamYard Preparatory School,Bronx,X410,240 East 172nd Street,Bronx,NY,10457,40.84037,-73.91084,718-410-4242,8:40 AM,3:15 PM,336,0.01,0.34,0.61,0.02,385,385,388,0.51
10X225,Theatre Arts Production Company School,Bronx,X137,2225 Webster Avenue,Bronx,NY,10457,40.85465,-73.89665,718-584-0832,8:30 AM,3:30 PM,632,0.01,0.29,0.67,0.01,402,421,410,0.78
10X243,West Bronx Academy for the Future,Bronx,X435,500 East Fordham Road,Bronx,NY,10458,40.86001,-73.88823,718-563-7139,8:30 AM,3:15 PM,599,0.03,0.21,0.72,0.03,404,383,378,0.57
10X524,Crotona International High School,Bronx,X660,2474 Crotona Avenue,Bronx,NY,10458,40.85592,-73.88258,718-561-8701,8:30 AM,4:15 PM,336,0.02,0.10,0.86,0.02,,,,0.00
10X439,Bronx High School for Law and Community Service,Bronx,X435,500 East Fordham Road,Bronx,NY,10458,40.86001,-73.88823,718-733-5274,8:15 AM,4:00 PM,398,0.02,0.24,0.71,0.01,401,402,386,0.65
10X264,Bronx Academy for Software Engineering (BASE),Bronx,X660,2474 Crotona Avenue,Bronx,NY,10458,40.85592,-73.88258,718-733-6024,8:30 AM,3:30 PM,226,0.03,0.29,0.61,0.08,,,,
10X434,Belmont Preparatory High School,Bronx,X435,500 East Fordham Road,Bronx,NY,10458,40.86001,-73.88823,718-733-4559,8:15 AM,3:45 PM,416,0.02,0.30,0.66,0.02,413,408,402,0.55
10X437,Fordham High School for the Arts,Bronx,X435,500 East Fordham Road,Bronx,NY,10458,40.86001,-73.88823,718-733-4656,8:00 AM,3:45 PM,401,0.03,0.31,0.65,0.01,398,404,412,0.56
10X565,High School for Energy and Technology,Bronx,X660,2474 Crotona Avenue,Bronx,NY,10458,40.85592,-73.88258,718-733-3080,8:00 AM,3:45 PM,311,0.01,0.27,0.70,0.01,,,,
10X374,Knowledge and Power Preparatory Academy International High School (KAPPA),Bronx,X435,500 East Fordham Road,Bronx,NY,10458,40.86001,-73.88823,718-933-1247,7:30 AM,4:00 PM,487,0.02,0.32,0.61,0.03,408,417,404,0.67
10X438,Fordham Leadership Academy for Business and Technology,Bronx,X435,500 East Fordham Road,Bronx,NY,10458,40.86001,-73.88823,718-733-5024,8:00 AM,4:00 PM,438,0.03,0.28,0.68,0.02,355,373,368,0.44
12X248,Metropolitan High School,Bronx,X099,1180 Rev JA Polite Avenue,Bronx,NY,10459,40.82523,-73.89395,718-991-4634,8:00 AM,4:00 PM,326,0.00,0.22,0.75,0.01,387,388,386,0.66
08X332,Holcombe L. Rucker School of Community Research,Bronx,X039,965 Longwood Avenue,Bronx,NY,10459,40.81744,-73.89805,718-860-1053,8:15 AM,3:15 PM,236,0.00,0.43,0.55,0.00,376,372,369,0.59
08X530,Banana Kelly High School,Bronx,X039,965 Longwood Avenue,Bronx,NY,10459,40.81744,-73.89805,718-860-1242,8:45 AM,3:05 PM,325,0.01,0.37,0.61,0.00,378,391,378,0.26
08X269,Bronx Studio School for Writers and Artists,Bronx,X392,928 Simpson Street,Bronx,NY,10459,40.82062,-73.89307,718-893-5158,8:20 AM,3:20 PM,565,0.01,0.20,0.77,0.01,417,412,403,0.72
12X278,Peace and Diversity Academy,Bronx,X099,1180 Rev JA Polite Avenue,Bronx,NY,10459,40.82523,-73.89395,718-991-1855,8:45 AM,3:15 PM,170,0.02,0.44,0.52,0.01,366,362,365,0.27
12X271,East Bronx Academy for the Future,Bronx,X973,1716 Southern Boulevard,Bronx,NY,10460,40.83695,-73.88796,718-861-8641,8:30 AM,3:00 PM,618,0.01,0.25,0.71,0.03,418,406,408,0.41
12X511,Bronx Envision Academy,Bronx,X098,1619 Boston Road,Bronx,NY,10460,40.83594,-73.89047,718-589-1590,8:25 AM,3:15 PM,355,0.02,0.34,0.60,0.02,364,385,366,0.77
12X682,Fannie Lou Hamer Freedom High School,Bronx,X878,1021 Jennings Street,Bronx,NY,10460,40.83081,-73.88602,718-861-0521,8:45 AM,2:45 PM,470,0.00,0.29,0.70,0.00,345,347,339,0.75
12X251,Explorations Academy,Bronx,X098,1619 Boston Road,Bronx,NY,10460,40.83594,-73.89047,718-893-6173,8:00 AM,3:30 PM,358,0.02,0.27,0.70,0.01,377,372,365,0.43
12X372,Urban Assembly School for Wildlife Conservation,Bronx,X067,2024 Mohegan Avenue,Bronx,NY,10460,40.84404,-73.88469,718-991-2695,8:40 AM,3:00 PM,571,0.02,0.25,0.69,0.02,393,397,379,0.71
12X684,Wings Academy,Bronx,X879,1122 East 180th Street,Bronx,NY,10460,40.84181,-73.87542,718-597-1751,8:00 AM,3:00 PM,501,0.01,0.59,0.38,0.01,379,372,373,0.49
08X348,Schuylerville Preparatory High School,Bronx,X405,3000 East Tremont Avenue,Bronx,NY,10461,40.84051,-73.83812,718-904-4200,8:00 AM,3:40 PM,177,0.06,0.22,0.67,0.04,,,,
08X293,Renaissance High School for Musical Theater and Technology,Bronx,X405,3000 East Tremont Avenue,Bronx,NY,10461,40.84051,-73.83812,718-430-6390,8:15 AM,3:00 PM,444,0.07,0.28,0.61,0.03,390,411,393,0.52
08X558,Westchester Square Academy,Bronx,X405,3000 East Tremont Avenue,Bronx,NY,10461,40.84051,-73.83812,718-904-5050,8:15 AM,3:20 PM,396,0.09,0.27,0.57,0.05,,,,
08X320,Pelham Lab High School,Bronx,X405,3000 East Tremont Avenue,Bronx,NY,10461,40.84051,-73.83812,718-904-5090,8:00 AM,4:00 PM,211,0.05,0.33,0.53,0.08,,,,
08X405,Herbert H. Lehman High School,Bronx,X405,3000 East Tremont Avenue,Bronx,NY,10461,40.84051,-73.83812,718-904-4200,8:15 AM,3:45 PM,1535,0.11,0.24,0.55,0.09,426,419,407,0.29
08X349,Bronx River High School,Bronx,X405,3000 East Tremont Avenue,Bronx,NY,10461,40.84051,-73.83812,718-904-4210,8:14 AM,3:36 PM,204,0.03,0.30,0.61,0.03,,,,
11X418,Bronx High School for the Visual Arts,Bronx,X839,2040 Antin Place,Bronx,NY,10462,40.85143,-73.86502,718-319-5160,8:15 AM,2:45 PM,483,0.07,0.27,0.62,0.04,408,428,404,0.33
10X368,In-Tech Academy,Bronx,X368,2975 Tibbett Avenue,Bronx,NY,10463,40.88005,-73.90921,718-432-4300,8:30 AM,3:30 PM,1022,0.03,0.11,0.83,0.03,426,419,404,0.86
10X284,Bronx School of Law and Finance,Bronx,X475,99 Terrace View Avenue,Bronx,NY,10463,40.87705,-73.91234,718-561-0113,8:00 AM,2:45 PM,426,0.03,0.30,0.65,0.02,384,394,366,0.48
10X213,Bronx Engineering and Technology Academy,Bronx,X475,99 Terrace View Avenue,Bronx,NY,10463,40.87705,-73.91234,718-563-6678,8:15 AM,4:30 PM,417,0.01,0.34,0.56,0.07,394,406,391,0.60
10X546,Bronx Theatre High School,Bronx,X475,99 Terrace View Avenue,Bronx,NY,10463,40.87705,-73.91234,718-329-2902,8:40 AM,4:00 PM,428,0.02,0.30,0.67,0.01,382,384,390,0.67
10X477,Marble Hill High School for International Studies,Bronx,X475,99 Terrace View Avenue,Bronx,NY,10463,40.87705,-73.91234,718-561-0973,8:30 AM,4:40 PM,449,0.05,0.25,0.61,0.09,451,417,423,0.93
10X237,"Marie Curie School for Medicine, Nursing, and Health Professions",Bronx,X143,120 West 231st Street,Bronx,NY,10463,40.87598,-73.90123,718-432-6491,8:00 AM,2:45 PM,583,0.03,0.36,0.57,0.03,423,420,425,0.69
10X141,Riverdale/Kingsbridge Academy,Bronx,X141,660 West 237th Street,Bronx,NY,10463,40.88837,-73.91409,718-796-8516,8:20 AM,2:40 PM,1381,0.24,0.12,0.56,0.08,496,485,476,0.69
11X513,New World High School,Bronx,X362,921 East 228th Street,Bronx,NY,10466,40.88792,-73.85287,718-696-3800,8:00 AM,3:00 PM,408,0.08,0.09,0.66,0.14,407,363,358,0.93
11X514,Bronxwood Preparatory Academy,Bronx,X362,921 East 228th Street,Bronx,NY,10466,40.88792,-73.85287,718-696-3820,8:00 AM,3:00 PM,423,0.04,0.62,0.29,0.03,392,408,392,0.43
11X270,Academy for Scholarship and Entrepreneurship (College Board),Bronx,X362,921 East 228th Street,Bronx,NY,10466,40.88792,-73.85287,718-696-3840,8:00 AM,2:56 PM,371,0.01,0.64,0.31,0.03,392,408,400,0.63
11X544,High School for Contemporary Arts,Bronx,X425,800 East Gun Hill Road,Bronx,NY,10467,40.87575,-73.86139,718-944-5610,8:00 AM,2:45 PM,493,0.01,0.38,0.59,0.01,367,381,361,0.41
11X545,Bronx Aerospace High School,Bronx,X425,800 East Gun Hill Road,Bronx,NY,10467,40.87575,-73.86139,718-696-6010,9:00 AM,5:00 PM,431,0.02,0.29,0.65,0.02,403,410,393,0.51
11X290,Bronx Academy of Health Careers,Bronx,X425,800 East Gun Hill Road,Bronx,NY,10467,40.87575,-73.86139,718-696-3340,8:25 AM,3:15 PM,465,0.02,0.45,0.47,0.05,386,380,391,0.59
11X275,High School of Computers and Technology,Bronx,X425,800 East Gun Hill Road,Bronx,NY,10467,40.87575,-73.86139,718-696-3930,8:00 AM,3:00 PM,567,0.01,0.34,0.58,0.05,396,399,377,0.66
11X265,Bronx Lab School,Bronx,X425,800 East Gun Hill Road,Bronx,NY,10467,40.87575,-73.86139,718-696-3700,8:45 AM,5:00 PM,471,0.02,0.40,0.54,0.04,407,416,401,0.77
11X253,Bronx High School for Writing and Communication Arts,Bronx,X425,800 East Gun Hill Road,Bronx,NY,10467,40.87575,-73.86139,718-944-5660,8:00 AM,3:00 PM,389,0.01,0.45,0.49,0.03,380,437,425,0.38
10X433,High School for Teaching and the Professions,Bronx,X430,2780 Reservoir Avenue,Bronx,NY,10468,40.87038,-73.89816,718-329-7380,8:45 AM,3:45 PM,486,0.03,0.20,0.75,0.02,372,361,369,0.47
10X445,Bronx High School of Science,Bronx,X445,75 West 205th Street,Bronx,NY,10468,40.87706,-73.88978,718-817-7700,8:00 AM,3:45 PM,3015,0.22,0.03,0.06,0.63,714,660,667,0.97
10X268,Kingsbridge International High School,Bronx,X430,2780 Reservoir Avenue,Bronx,NY,10468,40.87038,-73.89816,718-329-8580,7:45 AM,2:45 PM,461,0.02,0.05,0.86,0.07,366,311,310,0.51
10X549,Discovery High School,Bronx,X430,2780 Reservoir Avenue,Bronx,NY,10468,40.87038,-73.89816,718-733-3872,8:45 AM,3:45 PM,530,0.02,0.17,0.77,0.03,432,396,395,0.40
10X353,World View High School,Bronx,X440,100 West Mosholu Parkway South,Bronx,NY,10468,40.88008,-73.8859,718-601-0391,9:00 AM,4:00 PM,173,0.01,0.28,0.69,0.01,,,,
10X442,Celia Cruz Bronx High School of Music,Bronx,X430,2780 Reservoir Avenue,Bronx,NY,10468,40.87038,-73.89816,718-329-8550,8:00 AM,3:45 PM,430,0.01,0.25,0.70,0.01,417,434,425,0.76
10X696,High School of American Studies at Lehman College,Bronx,X905,2925 Goulden Avenue,Bronx,NY,10468,40.87126,-73.89752,718-329-2144,8:00 AM,3:00 PM,376,0.51,0.04,0.15,0.23,669,672,672,0.92
10X440,DeWitt Clinton High School,Bronx,X440,100 West Mosholu Parkway South,Bronx,NY,10468,40.88008,-73.8859,718-543-1000,8:00 AM,2:46 PM,2109,0.04,0.32,0.55,0.09,445,436,433,0.32
10X342,International School for Liberal Arts,Bronx,X430,2780 Reservoir Avenue,Bronx,NY,10468,40.87038,-73.89816,718-329-8570,8:00 AM,3:45 PM,561,0.01,0.00,1.00,0.00,390,387,379,0.19
10X351,Bronx Collaborative High School,Bronx,X440,100 West Mosholu Parkway South,Bronx,NY,10468,40.88008,-73.8859,718-543-1023,9:00 AM,4:00 PM,223,0.05,0.30,0.62,0.01,,,,
11X299,Astor Collegiate Academy,Bronx,X415,925 Astor Avenue,Bronx,NY,10469,40.8597,-73.86074,718-944-3418,7:35 AM,3:55 PM,476,0.11,0.33,0.48,0.07,422,417,409,0.58
11X542,Pelham Preparatory Academy,Bronx,X415,925 Astor Avenue,Bronx,NY,10469,40.8597,-73.86074,718-944-3601,8:15 AM,3:45 PM,489,0.07,0.36,0.49,0.06,420,433,425,0.77
11X509,High School of Language and Innovation,Bronx,X415,925 Astor Avenue,Bronx,NY,10469,40.8597,-73.86074,718-944-3625,8:25 AM,3:15 PM,354,0.11,0.12,0.58,0.17,356,340,320,0.73
11X288,Collegiate Institute for Math and Science,Bronx,X415,925 Astor Avenue,Bronx,NY,10469,40.8597,-73.86074,718-944-3635,8:15 AM,4:15 PM,687,0.10,0.34,0.44,0.12,488,461,458,0.80
11X508,Bronxdale High School,Bronx,X415,925 Astor Avenue,Bronx,NY,10469,40.8597,-73.86074,718-944-3655,8:25 AM,3:55 PM,427,0.09,0.29,0.57,0.03,418,432,436,0.73
12X388,Pan American International High School at Monroe,Bronx,X420,1300 Boynton Avenue,Bronx,NY,10472,40.83137,-73.87882,718-991-7238,8:30 AM,5:30 PM,428,0.00,0.00,1.00,0.00,317,315,292,0.66
12X478,Cinema School,Bronx,X423,1551 East 172nd Street,Bronx,NY,10472,40.83136,-73.87834,718-620-2560,8:30 AM,3:45 PM,338,0.04,0.22,0.70,0.04,430,449,448,0.88
12X692,Monroe Academy for Visual Arts and Design,Bronx,X420,1300 Boynton Avenue,Bronx,NY,10472,40.83137,-73.87882,718-860-8160,8:30 AM,3:00 PM,445,0.01,0.18,0.78,0.01,361,354,351,0.47
12X242,Mott Hall V,Bronx,X423,1551 East 172nd Street,Bronx,NY,10472,40.83136,-73.87834,718-620-8160,8:00 AM,3:30 PM,669,0.02,0.22,0.71,0.04,430,422,414,0.78
12X521,Metropolitan Soundview High School,Bronx,X420,1300 Boynton Avenue,Bronx,NY,10472,40.83137,-73.87882,718-860-8240,8:30 AM,3:40 PM,416,0.02,0.26,0.67,0.03,444,428,422,0.52
12X550,High School of World Cultures,Bronx,X420,1300 Boynton Avenue,Bronx,NY,10472,40.83137,-73.87882,718-860-8120,8:00 AM,4:00 PM,410,0.01,0.08,0.80,0.08,356,359,347,0.38
08X312,Millennium Art Academy,Bronx,X450,1980 Lafayette Avenue,Bronx,NY,10473,40.8223,-73.85596,718-824-0978,8:00 AM,3:00 PM,487,0.02,0.30,0.65,0.02,396,413,395,0.39
08X452,Bronx Guild,Bronx,X450,1980 Lafayette Avenue,Bronx,NY,10473,40.8223,-73.85596,718-597-1587,8:30 AM,3:00 PM,326,0.01,0.32,0.62,0.04,365,393,357,0.41
08X367,"Archimedes Academy for Math, Science, and Technology Applications",Bronx,X174,456 White Plains Road,Bronx,NY,10473,40.81492,-73.85657,718-617-5046,8:25 AM,3:15 PM,637,0.02,0.31,0.61,0.06,418,430,403,0.51
08X432,Bronx Bridges High School,Bronx,X450,1980 Lafayette Avenue,Bronx,NY,10473,40.8223,-73.85596,718-829-2984,8:00 AM,3:45 PM,333,0.02,0.07,0.83,0.08,,,,0.01
08X305,Pablo Neruda Academy,Bronx,X450,1980 Lafayette Avenue,Bronx,NY,10473,40.8223,-73.85596,718-824-1682,8:00 AM,3:50 PM,315,0.01,0.26,0.68,0.04,394,384,383,0.44
08X282,Women's Academy of Excellence,Bronx,X174,456 White Plains Road,Bronx,NY,10473,40.81492,-73.85657,718-542-0740,8:30 AM,2:45 PM,345,0.03,0.50,0.41,0.04,386,390,389,0.45
08X561,Bronx Compass High School,Bronx,X450,1980 Lafayette Avenue,Bronx,NY,10473,40.8223,-73.85596,718-828-1206,8:30 AM,3:15 PM,332,0.01,0.35,0.60,0.02,,,,
08X519,Felisa Rincon de Gautier Institute for Law and Public Policy,Bronx,X972,1440 Story Avenue,Bronx,NY,10473,40.82117,-73.88114,718-860-5110,8:00 AM,2:19 PM,307,0.03,0.25,0.68,0.02,389,408,413,0.31
08X376,Antonia Pantoja Preparatory Academy (College Board),Bronx,X450,1980 Lafayette Avenue,Bronx,NY,10473,40.8223,-73.85596,718-824-3152,8:00 AM,2:45 PM,450,0.01,0.26,0.65,0.06,435,415,423,0.45
11X249,Bronx Health Sciences High School,Bronx,X455,750 Baychester Avenue,Bronx,NY,10475,40.87413,-73.8338,718-862-4406,7:15 AM,3:00 PM,374,0.03,0.52,0.35,0.08,407,421,427,0.87
11X455,Harry S. Truman High School,Bronx,X455,750 Baychester Avenue,Bronx,NY,10475,40.87413,-73.8338,718-904-5400,8:00 AM,3:00 PM,2058,0.02,0.52,0.43,0.02,400,401,391,0.42
24Q600,Queens Vocational and Technical High School,Queens,Q600,37-02 47th Avenue,Long Island City,NY,11101,40.74219,-73.92824,718-937-3010,8:00 AM,4:30 PM,1553,0.07,0.06,0.75,0.12,467,436,432,0.53
24Q267,High School of Applied Communication,Queens,Q735,30-20 Thomson Avenue,Long Island City,NY,11101,40.74509,-73.93681,718-389-3163,8:30 AM,3:30 PM,421,0.14,0.13,0.54,0.16,435,437,441,0.71
24Q520,Middle College High School at LaGuardia Community College,Queens,Q520,45-35 Van Dam Street,Long Island City,NY,11101,40.74415,-73.93363,718-392-3330,8:00 AM,1:55 PM,514,0.07,0.05,0.80,0.08,377,389,377,0.49
30Q301,Academy for Careers in Television and Film,Queens,Q404,1-50 51st Avenue,Long Island City,NY,11101,40.74114,-73.94969,718-609-3330,9:00 AM,3:30 PM,515,0.21,0.16,0.54,0.06,444,458,444,0.95
24Q610,Aviation Career and Technical Education High School,Queens,Q610,45-30 36th Street,Long Island City,NY,11101,40.74359,-73.92908,718-361-2032,8:00 AM,4:30 PM,2168,0.11,0.06,0.49,0.31,511,464,456,0.79
30Q575,Academy of American Studies,Queens,Q451,28-04 41st Avenue,Long Island City,NY,11101,40.7513,-73.93742,718-361-8786,9:50 AM,4:15 PM,874,0.28,0.07,0.34,0.29,495,482,479,0.85
30Q555,Newcomers High School,Queens,Q450,28-01 41st Avenue,Long Island City,NY,11101,40.75138,-73.93745,718-937-6005,8:00 AM,3:00 PM,993,0.06,0.02,0.55,0.37,490,374,381,0.47
24Q299,Bard High School Early College Queens,Queens,Q735,30-20 Thomson Avenue,Long Island City,NY,11101,40.74509,-73.93681,718-361-3133,9:00 AM,3:20 PM,623,0.35,0.11,0.17,0.34,631,598,610,0.94
24Q530,International High School at LaGuardia Community College,Queens,Q520,45-35 Van Dam Street,Long Island City,NY,11101,40.74415,-73.93363,718-392-3433,8:00 AM,3:30 PM,509,0.13,0.03,0.45,0.39,425,367,365,0.72
30Q502,Information Technology High School,Queens,Q725,21-16 44th Road,Long Island City,NY,11101,40.74792,-73.94657,718-937-4270,7:15 AM,2:05 PM,970,0.09,0.15,0.56,0.18,443,420,411,0.59
24Q560,Robert F. Wagner Jr. Secondary School for Arts and Technology,Queens,Q891,47-07 30th Place,Long Island City,NY,11101,40.74226,-73.93688,718-472-5671,8:00 AM,3:00 PM,610,0.11,0.05,0.64,0.19,478,445,445,0.71
24Q264,Academy of Finance and Enterprise,Queens,Q735,30-20 Thomson Avenue,Long Island City,NY,11101,40.74509,-73.93681,718-389-3623,8:15 AM,3:15 PM,478,0.15,0.07,0.52,0.22,489,456,459,0.93
30Q286,Young Women's Leadership School in Astoria,Queens,Q739,23-15 Newtown Avenue,Astoria,NY,11102,40.77125,-73.9246,718-267-2839,8:00 AM,3:20 PM,572,0.20,0.05,0.38,0.38,483,464,477,1.00
30Q445,William Cullen Bryant High School,Queens,Q445,48-10 31st Avenue,Astoria,NY,11103,40.75812,-73.91033,718-721-5404,8:45 AM,3:30 PM,2496,0.16,0.06,0.49,0.28,466,424,426,0.57
30Q450,Long Island City High School,Queens,Q452,14-30 Broadway,Astoria,NY,11106,40.76576,-73.93273,718-545-7095,8:29 AM,3:50 PM,2123,0.09,0.14,0.60,0.16,430,423,412,0.52
30Q501,Frank Sinatra School of the Arts High School,Queens,Q570,35-12 35th Avenue,Astoria,NY,11106,40.75653,-73.92514,718-361-9920,7:45 AM,3:15 PM,808,0.39,0.14,0.33,0.11,536,543,543,0.90
30Q258,Energy Tech High School,Queens,Q204,36-41 28th Street,Astoria,NY,11106,40.7571,-73.93262,718-472-0536,8:45 AM,3:35 PM,227,0.16,0.12,0.43,0.23,,,,
30Q580,Baccalaureate School for Global Education,Queens,Q798,34-12 36th Avenue,Astoria,NY,11106,40.75517,-73.92682,718-361-5275,8:00 AM,3:00 PM,478,0.35,0.03,0.21,0.40,633,620,628,0.99
13K419,"Science Skills Center High School for Science, Technology, and the Creative Arts",Brooklyn,K805,49 Flatbush Avenue Extension,Brooklyn,NY,11201,40.69717,-73.98496,718-243-9413,8:07 AM,3:40 PM,528,0.02,0.71,0.18,0.07,399,397,386,0.66
13K439,Brooklyn International High School,Brooklyn,K805,49 Flatbush Avenue Extension,Brooklyn,NY,11201,40.69717,-73.98496,718-643-9315,9:15 AM,3:30 PM,345,0.14,0.18,0.27,0.42,432,334,333,0.93
15K423,Brooklyn Frontiers High School,Brooklyn,K520,112 Schermerhorn Street,Brooklyn,NY,11201,40.6902,-73.98927,718-722-4727,8:20 AM,3:09 PM,,,,,,,,,
15K497,School for International Studies,Brooklyn,K293,284 Baltic Street,Brooklyn,NY,11201,40.68545,-73.99349,718-330-9390,8:30 AM,3:15 PM,466,0.10,0.48,0.36,0.04,417,406,394,0.65
15K429,Brooklyn School for Global Studies,Brooklyn,K293,284 Baltic Street,Brooklyn,NY,11201,40.68545,-73.99349,718-694-9741,8:45 AM,3:10 PM,250,0.07,0.55,0.36,0.02,393,381,402,0.62
13K674,"City Polytechnic High School of Engineering, Architecture, and Technology",Brooklyn,K580,105 Johnson Street,Brooklyn,NY,11201,40.69494,-73.98604,718-875-1473,8:40 AM,4:07 PM,458,0.04,0.70,0.20,0.07,503,477,427,0.19
13K527,Urban Assembly Institute of Math and Science for Young Women,Brooklyn,K313,283 Adams Street,Brooklyn,NY,11201,40.69462,-73.98862,718-260-2300,8:30 AM,3:20 PM,470,0.05,0.74,0.15,0.04,397,415,407,0.82
13K483,Urban Assembly School for Law and Justice,Brooklyn,K313,283 Adams Street,Brooklyn,NY,11201,40.69462,-73.98862,718-858-1160,8:40 AM,3:40 PM,448,0.01,0.71,0.22,0.02,446,443,430,0.88
15K519,Cobble Hill School of American Studies,Brooklyn,K804,347 Baltic Street,Brooklyn,NY,11201,40.68458,-73.99109,718-403-9544,8:00 AM,3:00 PM,596,0.04,0.64,0.25,0.05,416,420,402,0.55
13K605,George Westinghouse Career and Technical Education High School,Brooklyn,K580,105 Johnson Street,Brooklyn,NY,11201,40.69494,-73.98604,718-625-6130,8:30 AM,3:30 PM,634,0.02,0.74,0.20,0.03,394,422,400,0.45
13K350,Urban Assembly High School of Music and Art,Brooklyn,K805,49 Flatbush Avenue Extension,Brooklyn,NY,11201,40.69717,-73.98496,718-858-0249,8:30 AM,4:00 PM,387,0.01,0.78,0.21,0.01,372,372,361,0.55
18K629,Cultural Academy for the Arts and Sciences,Brooklyn,K415,5800 Tilden Avenue,Brooklyn,NY,11203,40.64866,-73.9219,718-968-6630,8:00 AM,3:00 PM,353,0.01,0.90,0.09,0.01,382,395,384,0.57
17K745,Brooklyn Institute for Liberal Arts,Brooklyn,K470,600 Kingston Avenue,Brooklyn,NY,11203,40.65952,-73.94255,718-221-1097,8:00 AM,3:00 PM,253,0.00,0.94,0.03,0.02,,,,
18K569,Kurt Hahn Expeditionary Learning School,Brooklyn,K415,5800 Tilden Avenue,Brooklyn,NY,11203,40.64866,-73.9219,718-629-1204,8:30 AM,3:30 PM,341,0.00,0.91,0.07,0.01,378,394,388,0.73
17K531,School for Human Rights,Brooklyn,K470,600 Kingston Avenue,Brooklyn,NY,11203,40.65952,-73.94255,718-771-4793,8:00 AM,3:00 PM,424,0.01,0.91,0.07,0.01,398,411,400,0.61
18K563,It Takes a Village Academy,Brooklyn,K415,5800 Tilden Avenue,Brooklyn,NY,11203,40.64866,-73.9219,718-629-2307,8:15 AM,4:15 PM,566,0.01,0.90,0.06,0.01,364,374,361,0.62
17K546,High School for Public Service: Heroes of Tomorrow,Brooklyn,K470,600 Kingston Avenue,Brooklyn,NY,11203,40.65952,-73.94255,718-756-5325,8:30 AM,3:15 PM,454,0.01,0.76,0.17,0.05,468,454,464,0.95
18K589,Arts and Media Preparatory Academy,Brooklyn,K232,905 Winthrop Street,Brooklyn,NY,11203,40.65846,-73.92903,718-773-3908,8:50 AM,3:40 PM,279,0.01,0.83,0.13,0.01,370,383,374,0.64
17K533,School for Democracy and Leadership,Brooklyn,K470,600 Kingston Avenue,Brooklyn,NY,11203,40.65952,-73.94255,718-771-4865,8:00 AM,2:50 PM,319,0.02,0.88,0.07,0.01,386,385,390,0.54
20K609,Urban Assembly School for Criminal Justice,Brooklyn,K223,4200 16th Avenue,Brooklyn,NY,11204,40.63491,-73.98152,718-438-3893,8:45 AM,3:45 PM,496,0.15,0.18,0.20,0.47,428,413,417,0.84
20K505,Franklin Delano Roosevelt High School,Brooklyn,K505,5800 20th Avenue,Brooklyn,NY,11204,40.62026,-73.98201,718-621-8800,9:30 AM,4:15 PM,3220,0.19,0.12,0.29,0.40,504,411,407,0.54
13K412,"Brooklyn Community High School of Communication, Arts, and Media",Brooklyn,K117,300 Willoughby Avenue,Brooklyn,NY,11205,40.69258,-73.95887,718-230-5748,8:30 AM,3:20 PM,404,0.01,0.79,0.18,0.01,358,386,380,0.52
13K265,Dr. Susan S. McKinney Secondary School of the Arts,Brooklyn,K265,101 Park Avenue,Brooklyn,NY,11205,40.69634,-73.97577,718-834-6760,8:00 AM,3:15 PM,421,0.01,0.73,0.23,0.01,332,346,350,0.55
13K670,Benjamin Banneker Academy,Brooklyn,K914,71-77 Clinton Avenue,Brooklyn,NY,11205,40.69566,-73.96929,718-797-3702,8:00 AM,3:00 PM,916,0.01,0.86,0.09,0.03,479,484,472,0.86
14K071,Juan Morel Campos Secondary School,Brooklyn,K071,215 Heyward Street,Brooklyn,NY,11206,40.70358,-73.95324,718-302-7900,8:00 AM,2:15 PM,692,0.03,0.14,0.83,0.00,366,356,353,0.56
14K449,Brooklyn Latin School,Brooklyn,K049,223 Graham Avenue,Brooklyn,NY,11206,40.7099,-73.94366,718-366-0154,8:00 AM,2:30 PM,676,0.14,0.19,0.15,0.36,625,588,591,0.98
14K322,Foundations Academy,Brooklyn,K033,70 Tompkins Avenue,Brooklyn,NY,11206,40.69706,-73.94668,718-302-5092,8:30 AM,3:30 PM,113,0.00,0.67,0.29,0.02,,,,0.19
14K614,Young Women's Leadership School of Brooklyn,Brooklyn,K147,325 Bushwick Avenue,Brooklyn,NY,11206,40.7056,-73.93948,718-387-5641,7:30 AM,2:45 PM,380,0.01,0.64,0.28,0.03,,,,0.00
14K454,Green School: An Academy for Environmental Careers,Brooklyn,K049,223 Graham Avenue,Brooklyn,NY,11206,40.7099,-73.94366,718-599-1207,8:00 AM,3:30 PM,276,0.01,0.38,0.59,0.01,384,398,399,0.41
14K586,Lyons Community School,Brooklyn,K049,223 Graham Avenue,Brooklyn,NY,11206,40.7099,-73.94366,718-782-0918,8:40 AM,3:30 PM,520,0.02,0.40,0.56,0.02,374,376,357,0.56
19K510,World Academy for Total Community Health High School,Brooklyn,K435,400 Pennsylvania Avenue,Brooklyn,NY,11207,40.66755,-73.8948,718-922-0650,8:05 AM,2:20 PM,284,0.01,0.76,0.19,0.03,380,389,384,0.41
19K502,FDNY High School for Fire and Life Safety,Brooklyn,K435,400 Pennsylvania Avenue,Brooklyn,NY,11207,40.66755,-73.8948,718-922-0389,8:00 AM,3:00 PM,324,0.02,0.72,0.24,0.01,365,369,357,0.48
19K660,W. H. Maxwell Career and Technical Education High School,Brooklyn,K660,145 Pennsylvania Avenue,Brooklyn,NY,11207,40.67422,-73.89645,718-345-9100,8:00 AM,3:07 PM,506,0.01,0.70,0.28,0.01,326,333,350,0.39
19K504,High School for Civil Rights,Brooklyn,K435,400 Pennsylvania Avenue,Brooklyn,NY,11207,40.66755,-73.8948,718-922-6289,8:00 AM,3:15 PM,319,0.02,0.74,0.23,0.00,391,373,376,0.26
19K507,Performing Arts and Technology High School,Brooklyn,K435,400 Pennsylvania Avenue,Brooklyn,NY,11207,40.66755,-73.8948,718-922-0762,8:05 AM,3:00 PM,406,0.01,0.81,0.18,0.00,375,393,394,0.40
19K409,East New York Family Academy,Brooklyn,K819,2057 Linden Boulevard,Brooklyn,NY,11207,40.66064,-73.88634,718-927-0012,8:00 AM,3:00 PM,479,0.00,0.68,0.30,0.02,464,451,421,0.67
19K639,Brooklyn Lab School,Brooklyn,K420,999 Jamaica Avenue,Brooklyn,NY,11208,40.69114,-73.86843,718-235-3592,8:22 AM,3:11 PM,334,0.01,0.36,0.57,0.05,383,376,370,0.47
19K583,Multicultural High School,Brooklyn,K420,999 Jamaica Avenue,Brooklyn,NY,11208,40.69114,-73.86843,718-827-2796,8:15 AM,3:15 PM,229,0.00,0.00,1.00,0.00,319,323,284,0.29
19K683,"School for Classics: An Academy of Thinkers, Writers, and Performers",Brooklyn,K218,370 Fountain Avenue,Brooklyn,NY,11208,40.67068,-73.87422,718-277-1069,8:00 AM,3:00 PM,308,0.04,0.61,0.26,0.08,387,391,383,0.53
19K764,Urban Assembly School for Collaborative Healthcare,Brooklyn,K420,999 Jamaica Avenue,Brooklyn,NY,11208,40.69114,-73.86843,347-470-2511,8:15 AM,3:15 PM,62,0.05,0.40,0.32,0.11,,,,
19K422,Spring Creek Community School,Brooklyn,K422,1065 Elton Street,Brooklyn,NY,11208,40.65752,-73.87478,718-688-7200,,,,,,,,,,,
19K615,Transit Tech Career and Technical Education High School,Brooklyn,K615,1 Wells Street,Brooklyn,NY,11208,40.67823,-73.87597,718-647-5204,8:30 AM,2:45 PM,1093,0.01,0.64,0.27,0.06,387,387,384,0.37
19K659,Cypress Hills Collegiate Preparatory School,Brooklyn,K420,999 Jamaica Avenue,Brooklyn,NY,11208,40.69114,-73.86843,718-647-1672,8:10 AM,3:00 PM,330,0.03,0.20,0.71,0.05,365,370,362,0.54
19K404,Academy for Young Writers,Brooklyn,K422,1065 Elton Street,Brooklyn,NY,11208,40.65752,-73.87478,718-688-7230,9:05 AM,3:30 PM,547,0.01,0.73,0.22,0.02,382,413,391,0.81
19K618,Academy of Innovative Technology,Brooklyn,K420,999 Jamaica Avenue,Brooklyn,NY,11208,40.69114,-73.86843,718-827-2469,7:45 AM,2:30 PM,413,0.01,0.46,0.46,0.05,395,376,359,0.57
20K490,Fort Hamilton High School,Brooklyn,K490,8301 Shore Road,Brooklyn,NY,11209,40.62791,-74.03995,718-748-1537,9:00 AM,3:45 PM,4372,0.34,0.05,0.29,0.30,513,456,451,0.69
22K405,Midwood High School,Brooklyn,K405,2839 Bedford Avenue,Brooklyn,NY,11210,40.63334,-73.95292,718-724-8500,8:45 AM,3:30 PM,3787,0.23,0.30,0.13,0.34,550,514,516,0.86
14K474,PROGRESS High School for Professional Careers,Brooklyn,K450,850 Grand Street,Brooklyn,NY,11211,40.71196,-73.94043,718-387-0228,8:00 AM,2:45 PM,1098,0.01,0.35,0.63,0.01,380,377,384,0.45
14K478,"High School for Enterprise, Business, and Technology",Brooklyn,K450,850 Grand Street,Brooklyn,NY,11211,40.71196,-73.94043,718-387-2800,7:45 AM,3:45 PM,1001,0.03,0.36,0.57,0.04,463,446,425,0.55
14K488,Brooklyn Preparatory High School,Brooklyn,K650,257 North 6th Street,Brooklyn,NY,11211,40.71504,-73.95465,718-486-2550,8:20 AM,3:10 PM,494,0.02,0.55,0.40,0.02,391,406,391,0.75
14K685,El Puente Academy for Peace and Justice,Brooklyn,K778,250 Hooper Street,Brooklyn,NY,11211,40.70577,-73.95573,718-387-1125,9:00 AM,3:30 PM,245,0.01,0.12,0.85,0.00,344,380,379,0.63
14K477,School for Legal Studies,Brooklyn,K450,850 Grand Street,Brooklyn,NY,11211,40.71196,-73.94043,718-387-2800,8:00 AM,3:30 PM,598,0.01,0.46,0.50,0.01,393,390,394,0.35
14K561,Williamsburg Preparatory School,Brooklyn,K650,257 North 6th Street,Brooklyn,NY,11211,40.71504,-73.95465,718-302-2306,8:15 AM,3:15 PM,682,0.10,0.16,0.70,0.03,443,440,430,0.88
14K558,Williamsburg High School for Architecture and Design,Brooklyn,K650,257 North 6th Street,Brooklyn,NY,11211,40.71504,-73.95465,718-388-1260,8:15 AM,3:15 PM,595,0.04,0.32,0.60,0.02,415,424,407,0.60
23K514,Frederick Douglass Academy VII High School,Brooklyn,K175,226 Bristol Street,Brooklyn,NY,11212,40.66581,-73.9117,718-485-3789,9:07 AM,3:27 PM,319,0.00,0.88,0.11,0.00,400,407,394,0.65
23K697,Teachers Preparatory High School,Brooklyn,K175,226 Bristol Street,Brooklyn,NY,11212,40.66581,-73.9117,718-498-2605,8:20 AM,2:40 PM,390,0.01,0.83,0.16,0.00,394,399,412,0.57
17K122,Pathways in Technology Early College High School,Brooklyn,K625,150 Albany Avenue,Brooklyn,NY,11213,40.6754,-73.93888,718-221-1593,8:15 AM,4:30 PM,438,0.01,0.86,0.09,0.03,446,442,410,0.69
17K751,Academy for Health Careers,Brooklyn,K625,150 Albany Avenue,Brooklyn,NY,11213,40.6754,-73.93888,718-773-0128,8:30 AM,2:45 PM,373,0.01,0.86,0.09,0.02,406,405,396,0.48
16K455,Boys and Girls High School,Brooklyn,K455,1700 Fulton Street,Brooklyn,NY,11213,40.67943,-73.93243,718-467-1700,8:15 AM,3:15 PM,648,0.02,0.87,0.09,0.01,399,392,394,0.36
16K765,Nelson Mandela School for Social Justice,Brooklyn,K455,1700 Fulton Street,Brooklyn,NY,11213,40.67943,-73.93243,718-935-3604,8:30 AM,4:00 PM,124,0.02,0.86,0.11,0.00,,,,
21K348,High School of Sports Management,Brooklyn,K400,2630 Benson Avenue,Brooklyn,NY,11214,40.59359,-73.98473,718-333-7650,7:45 AM,3:45 PM,290,0.06,0.72,0.17,0.04,367,374,361,0.56
21K690,Brooklyn Studio Secondary School,Brooklyn,K721,8310 21st Avenue,Brooklyn,NY,11214,40.60488,-73.99442,718-266-5032,8:00 AM,2:30 PM,901,0.53,0.05,0.25,0.16,458,434,434,0.68
21K337,International High School at Lafayette,Brooklyn,K400,2630 Benson Avenue,Brooklyn,NY,11214,40.59359,-73.98473,718-333-7860,9:15 AM,4:00 PM,358,0.26,0.09,0.24,0.41,424,343,337,0.84
21K572,Expeditionary Learning School for Community Leaders,Brooklyn,K400,2630 Benson Avenue,Brooklyn,NY,11214,40.59359,-73.98473,718-333-7700,8:25 AM,3:15 PM,271,0.23,0.17,0.42,0.16,420,396,396,0.75
20K445,New Utrecht High School,Brooklyn,K445,1601 80th Street,Brooklyn,NY,11214,40.61342,-74.00365,718-232-2500,8:00 AM,3:00 PM,3480,0.28,0.04,0.29,0.39,488,422,417,0.63
21K559,Life Academy High School for Film and Music,Brooklyn,K400,2630 Benson Avenue,Brooklyn,NY,11214,40.59359,-73.98473,718-333-7750,8:15 AM,3:00 PM,271,0.14,0.52,0.27,0.07,369,379,378,0.70
21K468,Kingsborough Early College School,Brooklyn,K400,2630 Benson Avenue,Brooklyn,NY,11214,40.59359,-73.98473,718-333-7850,8:00 AM,2:20 PM,564,0.43,0.26,0.24,0.07,474,462,449,0.66
15K463,Secondary School for Journalism,Brooklyn,K460,237 7th Avenue,Brooklyn,NY,11215,40.6696,-73.97926,718-832-4201,8:25 AM,3:12 PM,285,0.06,0.47,0.38,0.07,408,435,415,0.59
15K684,Millennium Brooklyn High School,Brooklyn,K460,237 7th Avenue,Brooklyn,NY,11215,40.6696,-73.97926,718-832-4333,8:00 AM,2:30 PM,566,0.31,0.26,0.27,0.10,553,551,539,0.80
15K464,Park Slope Collegiate,Brooklyn,K460,237 7th Avenue,Brooklyn,NY,11215,40.6696,-73.97926,718-832-4300,8:15 AM,3:15 PM,423,0.04,0.46,0.37,0.08,405,377,395,0.60
15K462,Secondary School for Law,Brooklyn,K460,237 7th Avenue,Brooklyn,NY,11215,40.6696,-73.97926,718-832-4250,8:25 AM,3:12 PM,351,0.03,0.66,0.26,0.02,420,424,414,0.75
13K595,Bedford Academy High School,Brooklyn,K994,1119 Bedford Avenue,Brooklyn,NY,11216,40.68538,-73.95427,718-398-3061,8:00 AM,4:15 PM,364,0.01,0.85,0.08,0.03,505,464,456,0.96
15K592,Khalil Gibran International Academy,Brooklyn,K806,362 Schermerhorn Street,Brooklyn,NY,11217,40.68674,-73.98023,718-237-2502,8:00 AM,3:00 PM,174,0.28,0.48,0.06,0.16,,,,
15K656,Brooklyn High School of the Arts,Brooklyn,K655,345 Dean Street,Brooklyn,NY,11217,40.68365,-73.98047,718-855-2412,8:15 AM,3:00 PM,870,0.02,0.70,0.23,0.02,439,441,436,0.81
13K430,Brooklyn Technical High School,Brooklyn,K430,29 Ft Greene Place,Brooklyn,NY,11217,40.68811,-73.97675,718-804-6400,8:45 AM,3:15 PM,5447,0.21,0.08,0.08,0.61,682,608,606,0.96
22K555,Brooklyn College Academy,Brooklyn,K917,350 Coney Island Avenue,Brooklyn,NY,11218,40.6492,-73.97169,718-853-6184,8:00 AM,3:00 PM,605,0.05,0.72,0.09,0.08,502,495,493,0.98
20K485,High School of Telecommunication Arts and Technology,Brooklyn,K485,350 67th Street,Brooklyn,NY,11220,40.63725,-74.02382,718-759-3400,8:00 AM,3:00 PM,1329,0.16,0.08,0.57,0.18,475,440,445,0.82
32K545,EBC High School for Public Service in Bushwick,Brooklyn,K913,1155 Dekalb Avenue,Brooklyn,NY,11221,40.69448,-73.92915,718-452-3440,8:00 AM,3:45 PM,514,0.00,0.08,0.91,0.00,389,374,378,0.50
16K498,Brooklyn High School for Law and Technology,Brooklyn,K987,1396 Broadway,Brooklyn,NY,11221,40.68893,-73.92108,718-919-1256,8:00 AM,3:00 PM,596,0.01,0.71,0.24,0.03,395,401,383,0.63
16K688,Brooklyn Academy of Global Finance,Brooklyn,K057,125 Stuyvesant Avenue,Brooklyn,NY,11221,40.69154,-73.93373,718-574-3126,8:15 AM,3:12 PM,152,0.02,0.72,0.20,0.06,395,382,391,0.46
16K393,Frederick Douglass Academy IV Secondary School,Brooklyn,K026,1014 Lafayette Avenue,Brooklyn,NY,11221,40.69213,-73.9315,718-574-2820,8:00 AM,2:20 PM,92,0.01,0.83,0.14,0.01,,,,0.43
32K556,Bushwick Leaders High School for Academic Excellence,Brooklyn,K865,797 Bushwick Avenue,Brooklyn,NY,11221,40.695,-73.92799,718-919-4212,8:15 AM,4:45 PM,317,0.00,0.17,0.81,0.01,393,368,382,0.47
14K610,Automotive High School,Brooklyn,K610,50 Bedford Avenue,Brooklyn,NY,11222,40.72264,-73.95258,718-218-9301,8:45 AM,3:50 PM,383,0.03,0.56,0.38,0.02,367,381,328,0.32
14K632,Frances Perkins Academy,Brooklyn,K610,50 Bedford Avenue,Brooklyn,NY,11222,40.72264,-73.95258,718-388-7721,8:00 AM,3:00 PM,142,0.02,0.63,0.32,0.01,399,413,400,0.46
21K540,John Dewey High School,Brooklyn,K540,50 Avenue X,Brooklyn,NY,11223,40.58924,-73.98175,718-373-6400,8:13 AM,3:05 PM,2006,0.14,0.29,0.21,0.36,512,418,396,0.63
21K344,Rachel Carson High School for Coastal Studies,Brooklyn,K303,521 West Avenue,Brooklyn,NY,11224,40.58212,-73.97289,718-265-0329,8:00 AM,3:15 PM,560,0.44,0.23,0.22,0.10,436,430,421,0.68
17K548,Brooklyn School for Music and Theatre,Brooklyn,K440,883 Classon Avenue,Brooklyn,NY,11225,40.6703,-73.96165,718-230-6250,8:10 AM,3:00 PM,386,0.01,0.83,0.16,0.01,382,393,377,0.72
17K547,Brooklyn Academy of Science and the Environment,Brooklyn,K440,883 Classon Avenue,Brooklyn,NY,11225,40.6703,-73.96165,718-230-6363,8:30 AM,4:15 PM,453,0.01,0.80,0.13,0.05,419,411,416,0.59
17K590,Medgar Evers College Preparatory School,Brooklyn,K590,1186 Carroll Street,Brooklyn,NY,11225,40.66716,-73.95086,718-703-5400,7:15 AM,3:15 PM,1271,0.01,0.91,0.03,0.03,525,500,481,0.89
17K600,Clara Barton High School,Brooklyn,K600,901 Classon Avenue,Brooklyn,NY,11225,40.67027,-73.96165,718-636-4900,8:15 AM,3:30 PM,1499,0.01,0.90,0.06,0.02,408,424,407,0.55
17K524,International High School at Prospect Heights,Brooklyn,K440,883 Classon Avenue,Brooklyn,NY,11225,40.6703,-73.96165,718-230-6333,8:30 AM,3:15 PM,414,0.13,0.29,0.39,0.18,344,302,300,0.82
17K528,High School for Global Citizenship,Brooklyn,K440,883 Classon Avenue,Brooklyn,NY,11225,40.6703,-73.96165,718-230-6300,8:00 AM,3:00 PM,246,0.03,0.82,0.13,0.02,377,386,375,0.62
17K543,"Science, Technology, and Research Early College High School at Erasmus",Brooklyn,K465,911 Flatbush Avenue,Brooklyn,NY,11226,40.64944,-73.95843,718-564-2540,8:00 AM,2:45 PM,516,0.01,0.87,0.06,0.04,496,491,484,0.92
17K382,Academy for College Preparation and Career Exploration (College Board),Brooklyn,K465,911 Flatbush Avenue,Brooklyn,NY,11226,40.64944,-73.95843,718-564-2566,8:00 AM,3:30 PM,505,0.01,0.85,0.12,0.02,386,397,393,0.57
17K537,High School for Youth and Community Development at Erasmus,Brooklyn,K465,911 Flatbush Avenue,Brooklyn,NY,11226,40.64944,-73.95843,718-564-2470,8:00 AM,3:00 PM,384,0.02,0.85,0.09,0.02,360,382,359,0.63
17K539,High School for Service and Learning at Erasmus,Brooklyn,K465,911 Flatbush Avenue,Brooklyn,NY,11226,40.64944,-73.95843,718-564-2551,8:00 AM,3:40 PM,445,0.02,0.83,0.11,0.03,377,382,356,0.46
17K408,Academy of Hospitality and Tourism,Brooklyn,K465,911 Flatbush Avenue,Brooklyn,NY,11226,40.64944,-73.95843,718-564-2580,8:00 AM,2:45 PM,285,0.01,0.85,0.10,0.04,374,385,375,0.62
22K425,James Madison High School,Brooklyn,K425,3787 Bedford Avenue,Brooklyn,NY,11229,40.60976,-73.94845,718-758-7200,8:10 AM,2:48 PM,3088,0.44,0.17,0.17,0.21,492,450,444,0.69
21K525,Edward R. Murrow High School,Brooklyn,K525,1600 Avenue L,Brooklyn,NY,11230,40.6205,-73.95923,718-258-9283,8:05 AM,2:45 PM,3968,0.27,0.23,0.22,0.27,500,479,472,0.75
15K448,Brooklyn Secondary School for Collaborative Studies,Brooklyn,K142,610 Henry Street,Brooklyn,NY,11231,40.67986,-74.00148,718-923-4700,8:30 AM,2:50 PM,685,0.09,0.39,0.45,0.06,401,411,404,0.84
15K667,Sunset Park High School,Brooklyn,K564,153 35th Street,Brooklyn,NY,11232,40.65595,-74.0055,718-840-1900,8:45 AM,3:30 PM,1333,0.07,0.09,0.77,0.07,398,380,381,0.62
23K493,Brooklyn Collegiate (College Board),Brooklyn,K055,2021 Bergen Street,Brooklyn,NY,11233,40.67414,-73.91349,718-922-1145,8:30 AM,2:45 PM,353,0.00,0.88,0.10,0.01,394,395,399,0.64
16K594,Gotham Professional Arts Academy,Brooklyn,K040,265 Ralph Avenue,Brooklyn,NY,11233,40.68046,-73.9222,718-455-0746,8:45 AM,3:15 PM,226,0.01,0.82,0.15,0.01,377,396,386,0.51
23K644,Eagle Academy for Young Men II,Brooklyn,K271,1137 Herkimer Street,Brooklyn,NY,11233,40.67783,-73.91582,718-495-0863,8:45 AM,3:00 PM,576,0.02,0.85,0.12,0.00,,,,0.00
22K535,Leon M. Goldstein High School for the Sciences,Brooklyn,K535,1830 Shore Boulevard,Brooklyn,NY,11235,40.58085,-73.93609,718-368-8500,8:15 AM,2:30 PM,1081,0.59,0.10,0.11,0.19,563,534,543,0.94
21K410,Abraham Lincoln High School,Brooklyn,K410,2800 Ocean Parkway,Brooklyn,NY,11235,40.58231,-73.96747,718-333-7400,7:28 AM,3:10 PM,2341,0.20,0.40,0.24,0.15,441,422,422,0.55
22K611,Origins High School,Brooklyn,K495,3000 Avenue X,Brooklyn,NY,11235,40.59419,-73.93684,718-891-0037,8:45 AM,4:00 PM,213,0.23,0.42,0.22,0.13,,,,
21K620,William E. Grady Career and Technical Education High School,Brooklyn,K620,25 Brighton 4th Road,Brooklyn,NY,11235,40.58255,-73.96372,718-332-5000,8:00 AM,3:30 PM,613,0.06,0.69,0.18,0.05,416,423,387,0.31
18K642,Urban Action Academy,Brooklyn,K500,1600 Rockaway Parkway,Brooklyn,NY,11236,40.64184,-73.89869,718-290-8720,8:10 AM,3:20 PM,309,0.04,0.79,0.12,0.03,362,396,393,0.45
18K566,Brooklyn Generation School,Brooklyn,K515,6565 Flatlands Avenue,Brooklyn,NY,11236,40.63263,-73.9178,718-968-4200,8:30 AM,3:20 PM,286,0.01,0.85,0.09,0.02,392,406,403,0.50
18K633,High School for Medical Professions,Brooklyn,K500,1600 Rockaway Parkway,Brooklyn,NY,11236,40.64184,-73.89869,718-290-8700,8:00 AM,3:00 PM,432,0.00,0.82,0.13,0.03,404,427,424,0.60
18K617,High School for Innovation in Advertising and Media,Brooklyn,K500,1600 Rockaway Parkway,Brooklyn,NY,11236,40.64184,-73.89869,718-290-8760,8:00 AM,3:15 PM,303,0.03,0.86,0.10,0.01,390,410,397,0.59
18K576,Victory Collegiate High School,Brooklyn,K515,6565 Flatlands Avenue,Brooklyn,NY,11236,40.63263,-73.9178,718-968-1530,8:30 AM,3:30 PM,331,0.01,0.89,0.06,0.01,386,408,402,0.73
18K567,Brooklyn Theatre Arts High School,Brooklyn,K515,6565 Flatlands Avenue,Brooklyn,NY,11236,40.63263,-73.9178,718-968-1072,8:30 AM,3:23 PM,395,0.02,0.82,0.13,0.01,379,393,373,0.69
18K637,Academy for Conservation and the Environment,Brooklyn,K515,6565 Flatlands Avenue,Brooklyn,NY,11236,40.63263,-73.9178,718-968-4101,8:33 AM,3:19 PM,308,0.01,0.86,0.10,0.02,381,397,390,0.51
32K554,All City Leadership Secondary School,Brooklyn,K554,321 Palmetto Street,Brooklyn,NY,11237,40.69741,-73.91315,718-246-6500,7:45 AM,2:30 PM,358,0.02,0.15,0.77,0.06,467,446,448,0.85
32K168,Brooklyn School for Math and Research,Brooklyn,K480,400 Irving Avenue,Brooklyn,NY,11237,40.69696,-73.91082,718-381-7100,8:15 AM,3:45 PM,247,0.05,0.54,0.38,0.02,,,,0.00
32K549,Bushwick School for Social Justice,Brooklyn,K480,400 Irving Avenue,Brooklyn,NY,11237,40.69696,-73.91082,718-381-7100,8:15 AM,3:00 PM,405,0.03,0.21,0.76,0.01,365,357,357,0.50
32K403,Academy for Environmental Leadership,Brooklyn,K480,400 Irving Avenue,Brooklyn,NY,11237,40.69696,-73.91082,718-381-7100,8:00 AM,3:00 PM,340,0.02,0.19,0.77,0.02,365,366,348,0.71
32K552,Academy of Urban Planning,Brooklyn,K480,400 Irving Avenue,Brooklyn,NY,11237,40.69696,-73.91082,718-381-7100,8:15 AM,3:45 PM,279,0.01,0.23,0.74,0.01,392,374,379,0.42
13K499,ACORN Community High School,Brooklyn,K909,561 Grand Avenue,Brooklyn,NY,11238,40.67851,-73.96207,718-789-2258,8:15 AM,3:15 PM,504,0.02,0.84,0.13,0.01,379,395,385,0.61
25Q460,Flushing High School,Queens,Q460,35-01 Union Street,Flushing,NY,11354,40.76524,-73.82786,718-888-7500,8:51 AM,3:37 PM,2186,0.04,0.24,0.51,0.20,444,407,405,0.46
25Q241,Queens High School for Language Studies,Queens,Q460,35-01 Union Street,Flushing,NY,11354,40.76524,-73.82786,718-888-7530,8:00 AM,3:37 PM,205,0.02,0.10,0.24,0.61,,,,
25Q240,Veritas Academy,Queens,Q460,35-01 Union Street,Flushing,NY,11354,40.76524,-73.82786,718-888-7520,7:50 AM,2:40 PM,275,0.13,0.14,0.52,0.20,,,,
25Q281,East-West School of International Studies,Queens,Q237,46-21 Colden Street,Flushing,NY,11355,40.7493,-73.82181,718-353-0009,7:50 AM,3:00 PM,666,0.05,0.15,0.18,0.61,521,457,451,0.89
25Q263,Flushing International High School,Queens,Q189,144-80 Barclay Avenue,Flushing,NY,11355,40.76041,-73.81838,718-463-2348,8:40 AM,3:30 PM,437,0.03,0.03,0.38,0.56,481,323,323,0.68
25Q285,World Journalism Preparatory (College Board),Queens,Q025,34-65 192nd Street,Flushing,NY,11358,40.76512,-73.79006,718-461-2219,8:00 AM,3:00 PM,610,0.50,0.09,0.23,0.16,484,491,487,0.89
26Q495,Bayside High School,Queens,Q405,32-24 Corporal Kennedy Street,Bayside,NY,11361,40.77187,-73.78039,718-229-7600,8:00 AM,3:30 PM,3336,0.18,0.13,0.28,0.40,523,479,485,0.77
26Q415,Benjamin N. Cardozo High School,Queens,Q415,57-00 223rd Street,Oakland Gardens,NY,11364,40.75239,-73.75608,718-279-6500,9:00 AM,4:00 PM,3505,0.15,0.20,0.19,0.44,563,505,510,0.76
26Q430,Francis Lewis High School,Queens,Q430,58-20 Utopia Parkway,Fresh Meadows,NY,11365,40.74056,-73.79285,718-281-8200,8:30 AM,3:15 PM,4172,0.15,0.07,0.23,0.54,562,483,485,0.81
25Q252,Queens School of Inquiry,Queens,Q168,158-40 76th Road,Fresh Meadows,NY,11366,40.72452,-73.80943,718-380-6929,8:38 AM,2:57 PM,557,0.19,0.20,0.22,0.36,516,493,486,0.88
25Q670,Robert F. Kennedy Community High School,Queens,Q707,75-40 Parsons Boulevard,Fresh Meadows,NY,11366,40.7256,-73.81072,718-969-5510,8:00 AM,2:30 PM,701,0.18,0.13,0.36,0.31,460,426,423,0.67
25Q425,John Bowne High School,Queens,Q425,63-25 Main Street,Flushing,NY,11367,40.7387,-73.82479,718-263-1919,9:08 AM,3:47 PM,3667,0.05,0.18,0.46,0.29,467,422,425,0.62
25Q525,Townsend Harris High School,Queens,Q515,149-11 Melbourne Avenue,Flushing,NY,11367,40.73441,-73.82142,718-575-5580,8:20 AM,3:00 PM,1132,0.22,0.06,0.12,0.59,680,640,661,0.97
24Q550,High School for Arts and Business,Queens,Q456,105-25 Horace Harding Expressway,Corona,NY,11368,40.73742,-73.85331,718-271-8383,8:45 AM,4:00 PM,870,0.04,0.08,0.77,0.10,413,405,393,0.77
24Q293,Civic Leadership Academy,Queens,Q744,45-10 94th Street,Elmhurst,NY,11373,40.7433,-73.87057,718-271-1487,8:30 AM,3:30 PM,479,0.06,0.08,0.72,0.10,435,424,418,0.69
24Q585,Maspeth High School,Queens,Q585,54-40 74th Street,Elmhurst,NY,11373,40.72954,-73.88739,718-803-7100,8:15 AM,3:05 PM,973,0.36,0.02,0.45,0.18,476,471,480,0.90
24Q296,Pan American International High School,Queens,Q744,45-10 94th Street,Elmhurst,NY,11373,40.7433,-73.87057,718-271-3602,8:30 AM,3:15 PM,378,0.00,0.00,1.00,0.00,340,320,318,0.32
24Q236,International High School for Health Sciences,Queens,Q455,48-01 90th Street,Elmhurst,NY,11373,40.74121,-73.87473,718-595-8600,8:30 AM,3:30 PM,159,0.09,0.06,0.64,0.21,,,,
24Q455,Newtown High School,Queens,Q455,48-01 90th Street,Elmhurst,NY,11373,40.74121,-73.87473,718-595-8400,8:00 AM,3:30 PM,1921,0.04,0.08,0.61,0.24,434,401,389,0.39
28Q440,Forest Hills High School,Queens,Q440,67-01 110th Street,Forest Hills,NY,11375,40.72943,-73.84563,718-268-3137,,,3840,0.30,0.10,0.34,0.25,517,485,483,0.73
28Q167,Metropolitan Expeditionary Learning School,Queens,Q686,91-30 Metropolitan Avenue,Forest Hills,NY,11375,40.71044,-73.85063,718-286-3500,8:30 AM,3:20 PM,722,0.27,0.17,0.37,0.14,,,,
28Q686,Queens Metropolitan High School,Queens,Q686,91-30 Metropolitan Avenue,Forest Hills,NY,11375,40.71044,-73.85063,718-286-3600,8:00 AM,2:50 PM,1035,0.36,0.04,0.47,0.11,460,448,449,0.76
24Q485,Grover Cleveland High School,Queens,Q485,21-27 Himrod Street,Ridgewood,NY,11385,40.71122,-73.90865,718-381-9600,8:30 AM,3:15 PM,1828,0.19,0.05,0.66,0.10,452,422,416,0.39
29Q313,Benjamin Franklin High School for Finance and Information Technology,Queens,Q490,207-01 116th Avenue,Cambria Heights,NY,11411,40.69781,-73.74586,718-935-3645,8:30 AM,4:00 PM,113,0.02,0.71,0.12,0.12,,,,
29Q498,Humanities and Arts Magnet High School,Queens,Q490,207-01 116th Avenue,Cambria Heights,NY,11411,40.69554,-73.73492,718-978-2135,8:00 AM,2:45 PM,525,0.01,0.81,0.12,0.06,384,409,401,0.60
29Q243,Institute for Health Professions at Cambria Heights,Queens,Q490,207-01 116th Avenue,Cambria Heights,NY,11411,40.69554,-73.73492,718-723-7301,8:35 AM,3:32 PM,199,0.01,0.74,0.13,0.09,,,,
29Q492,"Mathematics, Science Research, and Technology Magnet High School",Queens,Q490,207-01 116th Avenue,Cambria Heights,NY,11411,40.69554,-73.73492,718-978-1837,8:00 AM,2:25 PM,433,0.02,0.72,0.12,0.10,380,418,388,0.55
29Q259,Pathways College Preparatory School (College Board),Queens,Q192,109-89 204th Street,Saint Albans,NY,11412,40.70639,-73.75353,718-454-4957,8:00 AM,3:07 PM,599,0.01,0.90,0.06,0.03,405,427,409,0.72
29Q265,Excelsior Preparatory High School,Queens,Q420,143-10 Springfield Boulevard,Springfield Gardens,NY,11413,40.66823,-73.75684,718-525-6507,8:10 AM,3:07 PM,491,0.01,0.83,0.09,0.04,384,407,400,0.70
29Q283,Preparatory Academy for Writers (College Board),Queens,Q420,143-10 Springfield Boulevard,Springfield Gardens,NY,11413,40.66823,-73.75684,718-949-8405,8:00 AM,3:05 PM,552,0.02,0.81,0.08,0.04,398,410,393,0.70
29Q248,Queens Preparatory Academy,Queens,Q420,143-10 Springfield Boulevard,Springfield Gardens,NY,11413,40.66823,-73.75684,718-712-2304,8:10 AM,2:57 PM,492,0.01,0.81,0.09,0.04,423,422,403,0.84
29Q272,George Washington Carver High School for the Sciences,Queens,Q420,143-10 Springfield Boulevard,Springfield Gardens,NY,11413,40.66823,-73.75684,718-525-6439,8:00 AM,3:15 PM,509,0.02,0.76,0.11,0.09,439,428,419,0.64
27Q650,"High School for Construction Trades, Engineering, and Architecture",Queens,Q650,94-06 104th Street,Ozone Park,NY,11416,40.6894,-73.84064,718-846-6280,8:10 AM,2:34 PM,959,0.12,0.11,0.36,0.36,489,457,451,0.79
27Q480,John Adams High School,Queens,Q480,101-01 Rockaway Boulevard,Ozone Park,NY,11417,40.67983,-73.83832,718-322-0500,8:00 AM,3:30 PM,2634,0.03,0.24,0.38,0.31,418,401,395,0.38
27Q308,Robert H. Goddard High School of Communication Arts and Technology,Queens,Q202,138-30 Lafayette Street,Ozone Park,NY,11417,40.67177,-73.84498,718-848-8357,7:25 AM,2:15 PM,602,0.18,0.07,0.42,0.29,426,435,424,0.85
27Q475,Richmond Hill High School,Queens,Q475,89-30 114th Street,Richmond Hill,NY,11418,40.69565,-73.83358,718-846-3335,8:00 AM,3:00 PM,2175,0.05,0.14,0.48,0.31,413,406,399,0.38
27Q334,Epic High School North,Queens,Q636,94-25 117th Street,South Richmond Hill,NY,11419,40.69288,-73.82931,718-935-3597,9:00 AM,4:00 PM,93,0.05,0.22,0.38,0.19,,,,
27Q314,Epic High School South,Queens,Q226,121-10 Rockaway Boulevard,Queens,NY,11420,40.67574,-73.81697,718-935-3643  ,9:00 AM,4:00 PM,87,0.07,0.32,0.26,0.26,,,,
29Q326,Cambria Heights Academy,Queens,Q799,188-04 91st Avenue,Hollis,NY,11423,40.71182,-73.77119,718-776-2815,9:00 AM,4:00 PM,372,0.02,0.79,0.09,0.07,418,424,411,0.59
26Q566,"Queens High School of Teaching, Liberal Arts, and the Sciences",Queens,Q566,74-20 Commonwealth Boulevard,Bellerose,NY,11426,40.7449,-73.72691,718-736-7100,8:30 AM,3:30 PM,1120,0.08,0.48,0.18,0.25,453,434,439,0.72
26Q315,Business Technology Early College High School,Queens,Q435,230-17 Hillside Avenue,Queens Village,NY,11427,40.73282,-73.73965,718-935-3651,8:30 AM,4:00 PM,112,0.08,0.32,0.29,0.22,,,,
26Q435,Martin Van Buren High School,Queens,Q435,230-17 Hillside Avenue,Queens Village,NY,11427,40.73282,-73.73965,718-776-4728,7:45 AM,3:14 PM,1742,0.04,0.53,0.13,0.27,397,396,391,0.40
28Q680,Queens Gateway to Health Sciences Secondary School,Queens,Q695,160-20 Goethals Avenue,Jamaica,NY,11432,40.71881,-73.8065,718-969-3155,8:00 AM,2:30 PM,779,0.03,0.38,0.14,0.43,524,511,514,0.93
28Q350,Jamaica Gateway to the Sciences,Queens,Q470,167-01 Gothic Drive,Jamaica,NY,11432,40.71358,-73.79652,718-480-2689,8:15 AM,3:00 PM,516,0.02,0.43,0.11,0.41,487,460,463,0.79
28Q328,High School for Community Leadership,Queens,Q470,167-01 Gothic Drive,Jamaica,NY,11432,40.71358,-73.79652,718-558-9801,9:00 AM,3:45 PM,418,0.05,0.42,0.27,0.23,415,392,386,0.72
28Q896,Young Women's Leadership School in Queens,Queens,Q680,150-91 87th Road,Jamaica,NY,11432,40.70821,-73.80408,718-725-0402,8:00 AM,2:57 PM,557,0.02,0.48,0.20,0.27,415,420,433,0.90
28Q310,Queens Collegiate (College Board),Queens,Q470,167-01 Gothic Drive,Jamaica,NY,11432,40.71358,-73.79652,718-658-4016,8:15 AM,3:00 PM,661,0.04,0.53,0.16,0.25,455,439,441,0.75
28Q505,Hillcrest High School,Queens,Q505,160-05 Highland Avenue,Jamaica,NY,11432,40.70876,-73.80213,718-658-5407,8:00 AM,3:30 PM,3286,0.04,0.30,0.29,0.35,448,432,426,0.52
28Q620,Thomas A. Edison Career and Technical Education High School,Queens,Q620,165-65 84th Avenue,Jamaica,NY,11432,40.71588,-73.79882,718-297-6580,8:00 AM,3:30 PM,2098,0.04,0.21,0.22,0.49,514,473,470,0.80
28Q325,Hillside Arts and Letters Academy,Queens,Q470,167-01 Gothic Drive,Jamaica,NY,11432,40.71358,-73.79652,718-658-1249,8:15 AM,3:00 PM,464,0.03,0.38,0.24,0.28,409,399,404,0.63
28Q284,York Early College Academy,Queens,Q008,108-35 167th Street,Jamaica,NY,11433,40.69694,-73.78698,718-262-8547,8:00 AM,3:00 PM,611,0.01,0.58,0.10,0.29,496,481,473,0.93
28Q687,Queens High School for the Sciences at York College,Queens,Q774,94-50 159th Street,Jamaica,NY,11433,40.701,-73.79815,718-657-3181,8:00 AM,3:18 PM,426,0.06,0.07,0.11,0.75,701,621,625,0.98
28Q690,High School for Law Enforcement and Public Safety,Queens,Q690,116-25 Guy R Brewer Boulevard,Jamaica,NY,11434,40.68618,-73.78408,718-977-4800,8:00 AM,3:00 PM,604,0.02,0.66,0.19,0.10,410,431,409,0.57
29Q327,Eagle Academy for Young Men III,Queens,Q633,171-10 Linden Boulevard,Jamaica,NY,11434,40.69167,-73.77903,718-480-2600,8:45 AM,4:45 PM,428,0.02,0.86,0.05,0.01,,,,
27Q400,August Martin High School,Queens,Q400,156-10 Baisley Boulevard,Jamaica,NY,11434,40.67553,-73.78343,718-528-2920,8:00 AM,3:30 PM,679,0.02,0.75,0.13,0.08,366,372,364,0.26
27Q260,Frederick Douglass Academy VI High School,Queens,Q465,8-21 Bay 25th Street,Far Rockaway,NY,11691,40.60199,-73.76283,718-471-2154,7:45 AM,2:05 PM,409,0.01,0.60,0.38,0.02,410,418,407,0.30
27Q309,Academy of Medical Technology (College Board),Queens,Q465,8-21 Bay 25th Street,Far Rockaway,NY,11691,40.60199,-73.76283,718-471-3571,8:00 AM,3:15 PM,637,0.03,0.50,0.38,0.07,422,424,415,0.68
27Q302,"Queens High School for Information, Research, and Technology",Queens,Q465,8-21 Bay 25th Street,Far Rockaway,NY,11691,40.60199,-73.76283,718-868-2978,7:45 AM,4:10 PM,381,0.02,0.49,0.44,0.04,372,362,352,0.45
27Q324,Rockaway Park High School for Environmental Sustainability,Queens,Q410,100-00 Beach Channel Drive,Rockaway Park,NY,11694,40.58601,-73.82309,718-734-3280,8:45 AM,3:30 PM,368,0.15,0.47,0.30,0.04,357,381,376,0.39
27Q262,Channel View School for Research,Queens,Q410,100-00 Beach Channel Drive,Rockaway Park,NY,11694,40.58601,-73.82309,718-634-1970,8:15 AM,3:04 PM,683,0.11,0.53,0.29,0.06,427,430,423,0.77
27Q351,Rockaway Collegiate High School,Queens,Q410,100-00 Beach Channel Drive,Rockaway Park,NY,11694,40.58601,-73.82309,718-734-3290,8:30 AM,4:20 PM,397,0.04,0.53,0.34,0.05,399,403,405,0.47
27Q323,Scholars' Academy,Queens,Q180,320 Beach 104th Street,Rockaway Park,NY,11694,40.58413,-73.82568,718-474-6918,8:45 AM,3:00 PM,1302,0.35,0.23,0.20,0.21,588,560,568,0.99